-- phpMyAdmin SQL Dump
-- version 5.1.1
-- https://www.phpmyadmin.net/
--
-- Host: 127.0.0.1:3306
-- Generation Time: Nov 05, 2022 at 05:46 PM
-- Server version: 8.0.30
-- PHP Version: 7.4.26

SET SQL_MODE = "NO_AUTO_VALUE_ON_ZERO";
START TRANSACTION;
SET time_zone = "+00:00";


/*!40101 SET @OLD_CHARACTER_SET_CLIENT=@@CHARACTER_SET_CLIENT */;
/*!40101 SET @OLD_CHARACTER_SET_RESULTS=@@CHARACTER_SET_RESULTS */;
/*!40101 SET @OLD_COLLATION_CONNECTION=@@COLLATION_CONNECTION */;
/*!40101 SET NAMES utf8mb4 */;

--
-- Database: `dumps`
--

-- --------------------------------------------------------

--
-- Table structure for table `employee`
--

DROP TABLE IF EXISTS `employee`;
CREATE TABLE IF NOT EXISTS `employee` (
  `id` int NOT NULL AUTO_INCREMENT,
  `lastname` varchar(45) NOT NULL,
  `firstname` varchar(45) NOT NULL,
  `office_id` int NOT NULL,
  `address` varchar(100) DEFAULT NULL,
  PRIMARY KEY (`id`)
) ENGINE=InnoDB AUTO_INCREMENT=399 DEFAULT CHARSET=utf8mb4 COLLATE=utf8mb4_0900_ai_ci;

--
-- Dumping data for table `employee`
--

INSERT INTO `employee` (`id`, `lastname`, `firstname`, `office_id`, `address`) VALUES
(1, 'Don', 'Jane', 3, 'PPC'),
(2, 'Doe', 'John', 1, 'Roxas'),
(3, 'Reid', 'Spence', 1, 'PPC'),
(4, 'Martinez', 'Kristine Joy', 3, 'Quezon'),
(5, 'Don', 'demo', 10, 'Aborlan'),
(10, 'Roberts', 'Albert', 19, 'Tiniguiban'),
(11, 'Collins', 'Woodrow', 240, '40A/38 Leannon Lakes Apt. 353, Poblacion, Samal 5704 Tarlac'),
(12, 'Bahringer', 'Reymundo', 117, '76/74 Halvorson Unions Apt. 085, Poblacion, Danao 4648 Bohol'),
(13, 'Okuneva', 'Nico', 140, '00 Carroll Union Suite 168, Bula 8158 Aurora'),
(14, 'Bergstrom', 'Yasmine', 12, '67A/18 Stehr Estates, Poblacion, Malaybalay 3649 Agusan del Norte'),
(15, 'Hettinger', 'Bradley', 22, '72A Bergnaum Stravenue, Poblacion, Trece Martires 5812 Camarines Norte'),
(16, 'Kovacek', 'Rhoda', 108, '70/58 Gerlach Crossroad Suite 752, Poblacion, Malabon 5171 La Union'),
(17, 'Bashirian', 'Russel', 115, '57A Mueller Stream Apt. 021, Santo Tomas 7559 Laguna'),
(18, 'Kovacek', 'Alexandra', 261, '42 Gutkowski Views, San Ildefonso 8138 Sulu'),
(19, 'Bergstrom', 'Xzavier', 212, '99A McDermott Meadow Suite 523, Poblacion, Cagayan de Oro 7131 Camiguin'),
(20, 'Wisozk', 'Ettie', 189, '92A Armstrong Plains, Poblacion, Himamaylan 4649 Siquijor'),
(21, 'Stehr', 'Cassandre', 157, '83 Will Ranch, Padada 1273 Sultan Kudarat'),
(22, 'Turner', 'Irma', 191, '24/70 Altenwerth Garden, Sibutad 1568 Surigao del Norte'),
(23, 'Kertzmann', 'Mabelle', 9, '09/64 Moen Lodge, Mauban 4216 Bukidnon'),
(24, 'Marks', 'Oswald', 254, '80A Anderson Mountain, Poblacion, Kabankalan 9209 La Union'),
(25, 'Hirthe', 'Piper', 54, '83 Champlin Estate, Solsona 0298 Surigao del Sur'),
(26, 'Rohan', 'Keira', 172, '84A Kiehn Club, Floridablanca 5211 Pangasinan'),
(27, 'Boehm', 'Willow', 208, '95/27 Nicolas Forks Suite 402, Poblacion, Lipa 9178 Palawan'),
(28, 'Swaniawski', 'Velda', 192, '42A/64 Hessel Springs, San Rafael 3566 Cagayan'),
(29, 'Abbott', 'Jarrod', 158, '51/34 Bernier Point Suite 312, Poblacion, Cauayan 9060 Batangas'),
(30, 'Carter', 'Lysanne', 160, '77/35 Huels Pines Suite 740, Poblacion, Bacolod 8638 Surigao del Norte'),
(31, 'Funk', 'Sister', 65, '81/02 Zulauf Lane Suite 701, Poblacion, Ligao 5298 Dinagat Islands'),
(32, 'Rutherford', 'Jeanie', 130, '79A Collins Lodge Suite 634, Marcos 1417 Davao del Norte'),
(33, 'Leannon', 'Samir', 70, '16A/60 Kutch Wells, San Fernando 5643 Batanes'),
(34, 'Schimmel', 'Mavis', 122, '96A Nolan Stream Suite 218, Poblacion, Trece Martires 5829 Misamis Oriental'),
(35, 'Becker', 'Gust', 105, '29A/19 Price Rapids Apt. 414, Panukulan 7527 Agusan del Norte'),
(36, 'Legros', 'Omer', 69, '14A Rogahn Harbors, Poblacion, Kidapawan 4871 Dinagat Islands'),
(37, 'Mann', 'Hadley', 277, '26A Nader Village Apt. 959, Cabanatuan City 9274 Bulacan'),
(38, 'Gutmann', 'Deion', 143, '96A Treutel Junctions Suite 817, Balingoan 5204 Catanduanes'),
(39, 'Thiel', 'Julia', 204, '42 Kuvalis Canyon Suite 044, Poblacion, Cadiz 0032 Davao del Sur'),
(40, 'Wolff', 'Darrick', 274, '97A/87 Mante Square Suite 676, Poblacion, Bayawan 6458 Isabela'),
(41, 'Gerhold', 'Eladio', 238, '56/58 Legros Vista, Poblacion, Olongapo 6652 Bulacan'),
(42, 'Smith', 'Margaretta', 56, '98A Bartell Tunnel Apt. 469, Poblacion, San Pedro 5315 Negros Occidental'),
(43, 'Dare', 'Jayda', 66, '67/68 Bauch Walk, Camalig 0097 Negros Occidental'),
(44, 'Gislason', 'Webster', 135, '37 Konopelski Plains Suite 815, Poblacion, Gingoog 7441 Cagayan'),
(45, 'Pfannerstill', 'Sister', 74, '97/68 Hamill Inlet, Poblacion, Bacoor 1898 Mountain Province'),
(46, 'Corkery', 'Humberto', 69, '71A Abbott Forks Suite 345, Alilem 9878 Tarlac'),
(47, 'Brakus', 'Rosendo', 256, '39A Fahey Crossing Suite 282, Poblacion, Alaminos 1432 Isabela'),
(48, 'Bayer', 'Ericka', 67, '49A/79 Jacobson Ramp, Poblacion, Butuan 1513 Ilocos Norte'),
(49, 'Moore', 'Audrey', 37, '73/12 Jast Shores Suite 097, Maribojoc 4271 Batangas'),
(50, 'Hoppe', 'Koby', 121, '70A Wehner Neck Apt. 149, Cataingan 4466 Cagayan'),
(51, 'Wunsch', 'Eryn', 77, '04/23 Toy Gardens, Poblacion, Mandaluyong 7699 Sorsogon'),
(52, 'Leannon', 'Johnpaul', 125, '58/18 Wehner Glen, Poblacion, Baybay 4875 Agusan del Sur'),
(53, 'Jaskolski', 'Brandi', 19, '74/14 Franecki Land, Josefina 3245 Siquijor'),
(54, 'Davis', 'Tad', 118, '92A/64 Huels Parkways Apt. 511, Poblacion, Digos 8556 Negros Oriental'),
(55, 'Christiansen', 'Loma', 186, '61A Bogisich Corners, Anda 6422 Davao Oriental'),
(56, 'Langosh', 'Rodrigo', 95, '68A/06 Bahringer Cliff, Poblacion, Tarlac City 2903 Abra'),
(57, 'Rutherford', 'Elias', 93, '20A Huel Lane Suite 413, Lupi 3027 Lanao del Norte'),
(58, 'Oberbrunner', 'Lina', 54, '38/82 Jacobs Spurs Suite 074, Poblacion, San Jose 6474 La Union'),
(59, 'Jast', 'Jayme', 118, '37A/56 Trantow Ranch Apt. 830, Poblacion, Kabankalan 0984 Bataan'),
(60, 'Quitzon', 'Kira', 115, '66A/38 Cummings Manor, Laak 7321 Nueva Ecija'),
(61, 'Jacobi', 'Brisa', 262, '97A/71 Parker Hollow, Calape 5914 Ifugao'),
(62, 'Rowe', 'Daniela', 233, '64A/58 Koss Park Apt. 809, Poblacion, Marikina 1904 Palawan'),
(63, 'Crooks', 'Marques', 190, '45/93 Frami Oval Suite 496, San Mariano 4335 Romblon'),
(64, 'Lubowitz', 'Keanu', 243, '61 Orn Track, Poblacion, Bacolod 9011 Metro Manila'),
(65, 'Dare', 'Haley', 9, '14A Gutmann Wall, Poblacion, Ligao 5591 Apayao'),
(66, 'Smith', 'Seth', 133, '68A Hauck Falls, Catigbian 5746 Davao del Norte'),
(67, 'Kovacek', 'Laury', 116, '14A Cartwright Views, Taytay 8793 Sulu'),
(68, 'Klocko', 'Fermin', 77, '06A/07 King Valley Apt. 873, Lacub 7115 Albay'),
(69, 'Welch', 'Jermaine', 75, '26 Roob Road, Poblacion, Marikina 1199 Zamboanga del Norte'),
(70, 'Tromp', 'Jalen', 284, '70/30 Hills Trail Suite 615, Poblacion, Malolos 0599 Batanes'),
(71, 'Hahn', 'Garrett', 49, '68 Lindgren Run Suite 262, San Gabriel 2139 Biliran'),
(72, 'Will', 'Tyree', 33, '87 Jacobi Viaduct Apt. 896, Bacolod City 3914 Abra'),
(73, 'Bahringer', 'Calista', 43, '48A Schamberger Shoal Apt. 237, Poblacion, Tacurong 1987 Southern Leyte'),
(74, 'Spinka', 'Maximo', 269, '93/19 Gerhold Junction Suite 515, Poblacion, Calapan 1832 Albay'),
(75, 'VonRueden', 'Libby', 209, '51 Schulist Pike, Poblacion, Santa Rosa 1231 La Union'),
(76, 'Bahringer', 'Russel', 66, '87A Lynch Terrace, Mabinay 0794 South Cotabato'),
(77, 'Torphy', 'Tamia', 284, '11A Schimmel Stravenue, Poblacion, Canlaon 5437 Iloilo'),
(78, 'Willms', 'Breanne', 135, '26 Greenholt Village, Poblacion, Bogo 5272 Albay'),
(79, 'Botsford', 'Paris', 157, '59A/32 Ullrich Plains, Gandara 9141 Benguet'),
(80, 'Zieme', 'Hal', 110, '47A/23 Crist Crossing Apt. 912, Irosin 4674 Camiguin'),
(81, 'West', 'Jake', 15, '38 Thiel Ford, Limasawa 0811 Quirino'),
(82, 'Emmerich', 'Halie', 208, '15/20 Hermiston Canyon, Guinobatan 0874 Cagayan'),
(83, 'Marks', 'Cornell', 243, '01/91 Mayer Squares, Ambaguio 4056 Tawi-Tawi'),
(84, 'Connelly', 'Alexandrea', 14, '09A/12 Murphy Union, Poblacion, Urdaneta 3936 Occidental Mindoro'),
(85, 'Thiel', 'Cecilia', 30, '60 Glover Crest, Masbate City 3292 Sorsogon'),
(86, 'Wyman', 'Celestine', 79, '66A Grant Plaza, Cabusao 2561 Leyte'),
(87, 'Green', 'Angeline', 245, '43/95 Huels Curve, Getafe 7038 Davao del Norte'),
(88, 'Nienow', 'Malinda', 158, '00A Durgan Glen Suite 085, Poblacion, Talisay 4036 Isabela'),
(89, 'Zieme', 'Bradford', 24, '46/30 Lang Overpass, Poblacion, Cagayan de Oro 1436 Basilan'),
(90, 'Bruen', 'Tomas', 233, '49A/30 Kub Turnpike, Cuyo 2113 Aklan'),
(91, 'Cassin', 'Neha', 10, '53A Funk Meadow, Poblacion, Calapan 5540 Ilocos Norte'),
(92, 'Reinger', 'Okey', 247, '24A/71 Goyette Locks Suite 634, Poblacion, Malaybalay 2268 Zamboanga del Norte'),
(93, 'Champlin', 'Novella', 122, '79/91 Batz Oval Suite 085, Meycauayan City 5573 Basilan'),
(94, 'Durgan', 'Santiago', 208, '87/06 Hermiston Port Suite 800, Panitan 6606 Palawan'),
(95, 'Bauch', 'Grover', 10, '27A Hoeger Ramp Suite 923, Poblacion, Zamboanga City 6594 Southern Leyte'),
(96, 'Funk', 'Chelsea', 193, '73A/27 Stehr Landing, Poblacion, Vigan 4350 Benguet'),
(97, 'Gaylord', 'Gaylord', 175, '56A/61 Torp Pines, Poblacion, Imus 8578 Aklan'),
(98, 'Feil', 'Emmett', 49, '72 Anderson Fall, Poblacion, Valenzuela 3848 South Cotabato'),
(99, 'Beier', 'Ned', 180, '84 Osinski Spur Suite 529, Poblacion, Tandag 5484 Aurora'),
(100, 'Hill', 'Cordelia', 236, '87A Kertzmann Junction Apt. 478, Poblacion, Lipa 4475 Pangasinan'),
(101, 'Price', 'Marian', 212, '06 Stamm Stream Suite 147, Pozzorubio 0045 Dinagat Islands'),
(102, 'Christiansen', 'Winfield', 67, '86/24 Kuhlman Trail, Poblacion, Cauayan 1921 Laguna'),
(103, 'Schmitt', 'Astrid', 74, '32/50 Kub Keys Suite 289, Tubajon 8059 Benguet'),
(104, 'McCullough', 'Kendall', 274, '95/45 Feest River Suite 070, Molave 3655 Aklan'),
(105, 'Purdy', 'Nicklaus', 239, '98/43 Terry Forest Suite 565, Baras 6888 Bohol'),
(106, 'Miller', 'Nasir', 251, '50A Kerluke Ports Apt. 829, Dinalungan 9464 Antique'),
(107, 'Schiller', 'Hildegard', 166, '16 Kutch Club Apt. 078, Poblacion, San Pedro 4713 Albay'),
(108, 'Bradtke', 'Leilani', 187, '19A/27 Ritchie Mall Apt. 104, Numancia 3705 Southern Leyte'),
(109, 'Rolfson', 'Catalina', 260, '97 Graham Mountains Suite 503, Consolacion 7449 Pampanga'),
(110, 'Kuhlman', 'Adrian', 239, '59A/61 Brown Spring, Poblacion, Bais 5304 Southern Leyte'),
(111, 'Simonis', 'Davonte', 237, '18/24 Mann Vista Suite 287, Esperanza 1591 Pangasinan'),
(112, 'Schulist', 'Belle', 51, '00A Hodkiewicz Green Apt. 804, Anahawan 4613 Cagayan'),
(113, 'Schmeler', 'Kaycee', 33, '45A/36 Botsford Squares, Hinatuan 7376 Negros Occidental'),
(114, 'Tromp', 'Darrell', 126, '58/44 Sanford Mountain, Santa Ana 3029 Antique'),
(115, 'Lowe', 'Angelita', 96, '81A Gutmann Lodge, Peñaranda 7406 Antique'),
(116, 'Kassulke', 'Vicky', 121, '31A/84 Stark Summit Suite 602, Binmaley 7792 Oriental Mindoro'),
(117, 'Blanda', 'Conrad', 242, '62/28 Armstrong Inlet Apt. 319, Poblacion, Bacolod 8036 Southern Leyte'),
(118, 'Upton', 'Neoma', 78, '69/17 Lubowitz Club Suite 029, Malinao 2076 Surigao del Norte'),
(119, 'Funk', 'Layla', 169, '57A Langworth Light, Bocaue 6499 Isabela'),
(120, 'Braun', 'Janelle', 88, '55A/53 Herman Orchard Suite 030, Alamada 7247 Maguindanao'),
(121, 'Harvey', 'Abbey', 140, '07A/01 Gerhold Route, Giporlos 6639 Cotabato'),
(122, 'Gerlach', 'Berry', 236, '48A/73 Flatley Valleys Suite 748, San Juan 6829 Eastern Samar'),
(123, 'Morissette', 'Oscar', 177, '85A/15 Kemmer Stream, Poblacion, Angeles 5416 Ifugao'),
(124, 'Armstrong', 'Francesca', 83, '84/91 Bahringer Groves, Marihatag 0062 Iloilo'),
(125, 'Beer', 'Janis', 229, '71/97 King Mountains Suite 142, Poblacion, Talisay 8244 Occidental Mindoro'),
(126, 'Kassulke', 'Jimmy', 69, '44 Powlowski Landing, Minalabac 7854 Biliran'),
(127, 'Harber', 'Keyshawn', 114, '75/89 Strosin Trafficway, Sogod 2158 Camiguin'),
(128, 'Hickle', 'Furman', 2, '05A/58 Hartmann Highway Suite 801, Amulung 1612 Palawan'),
(129, 'Toy', 'Alek', 182, '80A Rodriguez Meadow Suite 548, Mapanas 6661 Camarines Sur'),
(130, 'Turcotte', 'Brant', 7, '52/27 Raynor Mount Apt. 560, Poblacion, Kabankalan 5495 Ilocos Sur'),
(131, 'Blanda', 'Broderick', 7, '93A Koss Land Suite 607, Calumpit 6373 Zambales'),
(132, 'Jacobson', 'Malachi', 162, '39/66 Grimes Row, Poblacion, Cabuyao 0087 Pangasinan'),
(133, 'Funk', 'Casey', 163, '37 Strosin Dale, Poblacion, Malolos 1055 Surigao del Norte'),
(134, 'Parker', 'Waino', 118, '89A Emard Curve Apt. 857, Piñan 3008 Cavite'),
(135, 'Hand', 'Jabari', 167, '93/81 Walsh Throughway, Poblacion, Sorsogon City 6575 Kalinga'),
(136, 'Block', 'Riley', 274, '21/51 Kassulke Spring Apt. 984, Pasay 1644 Compostela Valley'),
(137, 'Haley', 'Serenity', 191, '51/62 Tremblay Stream Apt. 275, Poblacion, Cabuyao 6844 Cagayan'),
(138, 'Fisher', 'Robb', 125, '23 Walker Throughway Apt. 663, Poblacion, Calbayog 3375 Ifugao'),
(139, 'Mante', 'Elena', 71, '10/72 Schultz Throughway Suite 895, Peñarrubia 7544 Laguna'),
(140, 'Brakus', 'Laney', 166, '31 Welch Lock, Poblacion, Marawi 1959 Dinagat Islands'),
(141, 'Ankunding', 'Kaylie', 33, '14/76 Stracke Spur, Langiden 1865 Sarangani'),
(142, 'Walter', 'Chesley', 113, '84A Lowe Lane Apt. 437, Balingasag 0172 Cavite'),
(143, 'Kemmer', 'Janelle', 247, '01/32 Hackett Crossroad Suite 201, Poblacion, Cabuyao 5910 Sulu'),
(144, 'Kub', 'Darien', 161, '73A/18 Erdman Heights, Poblacion, Makati 5928 Basilan'),
(145, 'Kunde', 'Darian', 207, '10A Smith Plains Apt. 807, Poblacion, Gingoog 4571 Davao del Sur'),
(146, 'Runolfsson', 'Tommie', 97, '31 Ruecker Way Suite 344, Poblacion, Digos 0052 Sulu'),
(147, 'Russel', 'Erwin', 173, '29 Schaden Points, Marihatag 5776 Davao del Sur'),
(148, 'Veum', 'Chet', 206, '09 Lemke Mountain Suite 545, Poblacion, Tabaco 8189 Romblon'),
(149, 'Spencer', 'Darion', 213, '73A/63 Kerluke Estate Apt. 469, Tabuelan 9614 Lanao del Norte'),
(150, 'Rodriguez', 'Magdalena', 245, '16A/60 Hilpert Spurs, Balabac 0384 Davao del Norte'),
(151, 'Batz', 'Katlyn', 268, '59/72 Roberts Tunnel Apt. 821, Del Carmen 5122 Misamis Occidental'),
(152, 'Hyatt', 'Maribel', 239, '45 Sporer Grove Apt. 342, Poblacion, Muntinlupa 0586 Agusan del Sur'),
(153, 'Smitham', 'Alexis', 128, '05A Auer Track, Santa 7637 Zamboanga del Norte'),
(154, 'Hessel', 'Thomas', 275, '74/05 Stanton Drive Suite 328, Poblacion, Olongapo 1489 Bulacan'),
(155, 'Rodriguez', 'Waylon', 261, '72A/67 Greenholt Extension Suite 558, Poblacion, Sorsogon City 9063 Agusan del Sur'),
(156, 'Stracke', 'Mark', 204, '38A Wiegand Turnpike, Rizal 3477 Cagayan'),
(157, 'Haag', 'Filiberto', 44, '80/03 Crist Vista Apt. 750, Malalag 0254 Cebu'),
(158, 'Orn', 'Chelsie', 224, '81 Emmerich Island, Santa Marcela 0246 Guimaras'),
(159, 'Miller', 'Afton', 269, '85A/06 Ward Crossroad, Cantilan 7414 Ifugao'),
(160, 'Ondricka', 'Joanie', 178, '08A Morissette Turnpike, Poblacion, Antipolo 6796 Marinduque'),
(161, 'Smith', 'Hermina', 35, '36 McDermott Pine Apt. 779, Poblacion, Bayugan 8643 Isabela'),
(162, 'Upton', 'Berry', 192, '61 Leannon Mill, Poblacion, Pasay 7325 Ifugao'),
(163, 'Schumm', 'Devan', 223, '31A Parker Key Apt. 402, Poblacion, Mabalacat 6257 Quezon'),
(164, 'Schultz', 'Henry', 69, '45A Oberbrunner Pine Apt. 042, Poblacion, Roxas 3683 Southern Leyte'),
(165, 'Nienow', 'Wilson', 32, '39 Jenkins Island Apt. 774, Poblacion, Talisay 9613 Iloilo'),
(166, 'Nienow', 'Kiley', 160, '75 Treutel Grove, Columbio 4599 Zamboanga del Sur'),
(167, 'Frami', 'Ricardo', 133, '19 Steuber Course Suite 826, Maasim 4429 Leyte'),
(168, 'Ritchie', 'Minerva', 71, '30A Gorczany Shores, Poblacion, Malolos 2880 Compostela Valley'),
(169, 'Tillman', 'Jayce', 64, '52A/75 Larkin Locks Suite 561, Malangas 1540 Southern Leyte'),
(170, 'Sipes', 'Lew', 156, '00/30 Rau Drives, Poblacion, Cotabato City 8253 Biliran'),
(171, 'Runte', 'Aditya', 123, '30A Stokes Park, Cortes 5448 Cotabato'),
(172, 'Swaniawski', 'Virgil', 64, '52A/61 Turcotte Canyon Apt. 063, Initao 5930 Occidental Mindoro'),
(173, 'Howe', 'Gilbert', 164, '32A/14 Carroll Row Apt. 144, Poblacion, Baguio 4613 Eastern Samar'),
(174, 'Treutel', 'Kaci', 247, '53 Kunze Fork, Cuyo 8549 Lanao del Sur'),
(175, 'Quigley', 'General', 178, '00/94 Baumbach Rest Suite 691, Alangalang 3852 Benguet'),
(176, 'Little', 'Korey', 55, '78A/25 Kub Creek Apt. 656, Poblacion, Las Piñas 8022 Lanao del Sur'),
(177, 'Leuschke', 'Alan', 135, '09 Oberbrunner Summit Suite 516, Poblacion, Roxas 3103 Masbate'),
(178, 'Jaskolski', 'Lew', 158, '69A/66 Ritchie Tunnel, Bacolor 4736 Northern Samar'),
(179, 'Brekke', 'Dillan', 89, '77 Tremblay Wells Apt. 596, Poblacion, Isabela 5343 Nueva Vizcaya'),
(180, 'Kertzmann', 'Connor', 221, '70/69 Hirthe Court Apt. 918, Poblacion, Mandaluyong 5669 Northern Samar'),
(181, 'Fritsch', 'Urban', 115, '05/51 Kilback Brooks Apt. 089, Poblacion, Naga 7125 Ilocos Sur'),
(182, 'Windler', 'Dessie', 18, '48 Veum Harbors Apt. 266, Canlaon City 1250 Leyte'),
(183, 'Fisher', 'Kristy', 33, '10A/05 Thompson Hill, Ganassi 8593 Cotabato'),
(184, 'Sipes', 'Gwendolyn', 205, '02A/66 Okuneva Lakes, Wao 4093 Mountain Province'),
(185, 'Bashirian', 'Karen', 80, '27A Gleichner Center, Caloocan 9265 Albay'),
(186, 'Welch', 'Connor', 272, '37A/62 Brown River, Poblacion, Las Piñas 1423 Northern Samar'),
(187, 'Connelly', 'Emelie', 183, '52 Beatty Overpass, San Luis 3377 Negros Oriental'),
(188, 'Stokes', 'Verlie', 251, '50/24 Bode Roads Apt. 538, Poblacion, Dumaguete 0756 Metro Manila'),
(189, 'Tromp', 'Corrine', 226, '48/73 Anderson Mission, Bayugan City 2052 Benguet'),
(190, 'Kutch', 'Arturo', 253, '56 Kovacek Turnpike, Poblacion, Tangub 1851 Batanes'),
(191, 'Kohler', 'Ashlynn', 238, '96/22 Dibbert Parks, Tibiao 3139 Rizal'),
(192, 'Kuhlman', 'Alice', 207, '23A Lynch Turnpike, Santa Fe 3332 Dinagat Islands'),
(193, 'Cronin', 'Dwight', 115, '91A/70 Kuhn Junctions Apt. 630, Poblacion, Laoag 3516 Zamboanga del Sur'),
(194, 'Howe', 'Malvina', 249, '70A Douglas Stream, Poblacion, San Pedro 8729 Rizal'),
(195, 'Crona', 'Demond', 234, '63A Ondricka Spur, Poblacion, Legazpi 4075 Guimaras'),
(196, 'Jast', 'Danielle', 147, '94/17 Murazik Parkway Suite 767, Poblacion, Mati 0437 Zamboanga del Sur'),
(197, 'Hansen', 'Maddison', 13, '47 Wiza Skyway, Tanay 8274 Guimaras'),
(198, 'Zboncak', 'Braeden', 227, '98A/48 Gleason Lakes Apt. 335, Poblacion, San Pedro 6866 Catanduanes'),
(199, 'Yost', 'Houston', 245, '44 Stamm Circles Suite 344, Poblacion, Lapu-Lapu 4701 Eastern Samar'),
(200, 'Legros', 'Burnice', 88, '47 Hand Drive Suite 518, Manabo 9030 Negros Occidental'),
(201, 'McGlynn', 'Daisha', 253, '12A Yundt Drive Suite 199, La Paz 1006 Aurora'),
(202, 'Ortiz', 'Deven', 201, '42A Hintz Square Apt. 419, Poblacion, Canlaon 2406 Sulu'),
(203, 'Kling', 'May', 38, '82 VonRueden Mountain, Poblacion, Malaybalay 5341 Iloilo'),
(204, 'Howell', 'Jimmy', 263, '73 Wunsch Ramp, Poblacion, Imus 4939 Cavite'),
(205, 'Hessel', 'Quentin', 184, '72A/12 Lubowitz Club Apt. 183, Poblacion, Angeles 8155 Tarlac'),
(206, 'Schaden', 'Meaghan', 254, '09/14 Crooks Hollow Apt. 855, Naawan 9011 Biliran'),
(207, 'Dibbert', 'Kolby', 206, '48 Hartmann Passage Suite 295, Turtle Islands 4424 Samar'),
(208, 'Larson', 'Ephraim', 186, '14A Tromp Wells Apt. 083, Poblacion, Mandaluyong 0901 Cagayan'),
(209, 'Gutmann', 'Hank', 282, '95/48 Thompson Locks Apt. 168, Poblacion, Manila 9264 Surigao del Sur'),
(210, 'Schowalter', 'Rex', 168, '04/62 Kerluke Pines Apt. 372, Tinambac 3932 Maguindanao'),
(211, 'Langosh', 'Elisa', 137, '06A/61 Casper Rapid, Poblacion, San Fernando 4870 Davao del Norte'),
(212, 'Lemke', 'Lonzo', 57, '60A Stehr Orchard Suite 559, Pasig 9727 Capiz'),
(213, 'Wilderman', 'Lesley', 161, '34 Schiller View Suite 185, Catigbian 1669 Siquijor'),
(214, 'Wuckert', 'Else', 154, '92A/00 Conn Hill Suite 342, Esperanza 2396 Davao del Norte'),
(215, 'Yost', 'Geoffrey', 151, '60/92 Gibson Valleys, Poblacion, Zamboanga City 8505 Siquijor'),
(216, 'Bernhard', 'Jensen', 152, '67 Kiehn Spring, Poblacion, Taguig 3574 Negros Occidental'),
(217, 'Jacobi', 'Sammy', 48, '39A/94 Wintheiser Groves Suite 795, Poblacion, Puerto Princesa 2003 Albay'),
(218, 'Gorczany', 'Dale', 269, '03A/78 Reilly Flat Apt. 087, Biliran 6745 Iloilo'),
(219, 'Wintheiser', 'Remington', 176, '65A/42 Harber Parkways, San Miguel 5952 Misamis Oriental'),
(220, 'Hirthe', 'Kiana', 69, '25A Harber Hollow, Poblacion, Koronadal 8194 Nueva Vizcaya'),
(221, 'Bartoletti', 'Chaim', 257, '81 Schinner Mission Apt. 850, Pantabangan 4167 Cotabato'),
(222, 'Zulauf', 'Carmel', 40, '54A/52 Tremblay Light, Balete 4186 Camarines Norte'),
(223, 'Bosco', 'Jimmy', 29, '04A Blick Spring Suite 974, Matnog 4252 Siquijor'),
(224, 'Schimmel', 'Noemy', 65, '42A/25 Huel Ways, Naguilian 2803 Lanao del Norte'),
(225, 'Glover', 'Karl', 105, '30A/35 Block Green Apt. 872, Poblacion, Manila 4371 Cotabato'),
(226, 'Lehner', 'Retta', 10, '41/09 Lesch Summit, Poblacion, Cadiz 6880 Laguna'),
(227, 'Stehr', 'Hilma', 263, '55A/33 Frami Parks Suite 712, Lagayan 3392 Bohol'),
(228, 'Hackett', 'Lindsay', 145, '21A/72 Barrows Lane, Poblacion, Pasay 2974 Davao del Sur'),
(229, 'Upton', 'Josh', 221, '34 Stroman Well Apt. 872, Cordon 5664 Camarines Sur'),
(230, 'Boyer', 'Issac', 209, '95/65 Crist Greens, Poblacion, Davao City 7724 Sorsogon'),
(231, 'Abbott', 'Mazie', 71, '38 Hettinger Rapid Apt. 257, Santa Cruz 9131 Mountain Province'),
(232, 'Fadel', 'Rodolfo', 11, '65 Ernser Forges Apt. 477, Manay 3030 Batangas'),
(233, 'Prosacco', 'Deonte', 282, '26A/48 Kris Points Apt. 325, Poblacion, Borongan 2977 Agusan del Norte'),
(234, 'Zboncak', 'Jaleel', 122, '07/42 Wiza Village Apt. 080, Poblacion, San Jose 5797 Southern Leyte'),
(235, 'Aufderhar', 'Arnulfo', 177, '94A Hammes Fork, Poblacion, Escalante 6633 Masbate'),
(236, 'Ondricka', 'Gerhard', 136, '33A Becker Prairie Apt. 442, Poblacion, Gingoog 6697 Agusan del Sur'),
(237, 'Feest', 'Asha', 188, '66A Pouros Lodge, Poblacion, Escalante 0896 Lanao del Norte'),
(238, 'Robel', 'Gabriel', 38, '77 Lowe Ports, Kabayan 8739 Surigao del Sur'),
(239, 'Legros', 'Michale', 100, '69A/84 Kling Vista, Peñablanca 8695 Compostela Valley'),
(240, 'Crona', 'Stanley', 253, '15A/08 Bergstrom Drive Suite 195, Poblacion, Pagadian 6513 Tarlac'),
(241, 'Hills', 'Assunta', 25, '59/14 Pfannerstill Ranch Suite 770, Roxas 8360 Zamboanga del Sur'),
(242, 'Reilly', 'Andre', 191, '82A Brekke Burgs, Tagaytay City 5177 Aklan'),
(243, 'Dickinson', 'Moriah', 52, '37A Cole Vista Apt. 293, Poblacion, Cadiz 1029 Sulu'),
(244, 'Howe', 'Mandy', 191, '32A/51 Koelpin Junctions Apt. 637, Poblacion, Marikina 1494 Southern Leyte'),
(245, 'Bartoletti', 'Frida', 109, '80A Beer Point Apt. 442, Bauang 9014 Surigao del Norte'),
(246, 'Emard', 'Missouri', 162, '20 Hintz Groves, Victoria 4639 Oriental Mindoro'),
(247, 'Dickens', 'Crawford', 201, '53A Sporer Meadow Apt. 081, Poblacion, Naga 4050 Sulu'),
(248, 'Von', 'Ernesto', 250, '20/58 Jakubowski Well, Poblacion, Sipalay 4613 Kalinga'),
(249, 'Simonis', 'Ricardo', 131, '17/49 Hansen Rest Apt. 749, Lapu-Lapu City 2073 Sorsogon'),
(250, 'Bogisich', 'Jalyn', 123, '93 Prohaska Land Apt. 712, Kabacan 3339 Zamboanga del Sur'),
(251, 'West', 'Lyric', 10, '62/52 Corwin Crossroad Apt. 241, Licuan-Baay 4214 Negros Oriental'),
(252, 'McDermott', 'Damion', 269, '13/27 Anderson Prairie, Siquijor 7338 Siquijor'),
(253, 'Schiller', 'Tania', 58, '19A Robel Pine, Aliaga 3474 Quezon'),
(254, 'McDermott', 'Stella', 160, '79 Ryan Ports, Kibungan 9562 Negros Occidental'),
(255, 'Tromp', 'Name', 28, '34A/24 Connelly Court Apt. 204, Poblacion, Bogo 7067 Aurora'),
(256, 'Schmidt', 'Kaela', 140, '32/13 Rempel Garden, Poblacion, Batac 8809 Lanao del Norte'),
(257, 'Windler', 'Einar', 92, '51/93 Koelpin Row, Poblacion, Marikina 6199 Occidental Mindoro'),
(258, 'Hodkiewicz', 'Lionel', 251, '07A/65 Altenwerth Parks Apt. 676, Poblacion, Valencia 3721 Leyte'),
(259, 'Cormier', 'Francesca', 84, '94A McCullough Estate Apt. 311, Poblacion, Legazpi 1417 Sulu'),
(260, 'Volkman', 'Eliseo', 78, '33A/48 Jacobs Island Suite 715, Pata 7371 Surigao del Norte'),
(261, 'Batz', 'Dominic', 40, '12 Stanton Viaduct Apt. 946, Kasibu 3249 Batanes'),
(262, 'Bosco', 'Emmy', 265, '36/15 Kunze Gateway, Poblacion, Ozamiz 3519 Cebu'),
(263, 'Gutmann', 'Keven', 64, '27 Breitenberg Course Suite 783, Malungon 6033 Southern Leyte'),
(264, 'Hagenes', 'John', 11, '22A Schimmel Freeway Suite 447, Poblacion, Tagaytay 5963 Guimaras'),
(265, 'Gutkowski', 'Josianne', 114, '55/31 Leuschke Coves, Poblacion, Mabalacat 6442 Ifugao'),
(266, 'Strosin', 'Sammy', 151, '81A/22 Bechtelar Mission Suite 588, Poblacion, Biñan 9401 Biliran'),
(267, 'Klein', 'Eda', 33, '01 Skiles Knoll, Lidlidda 5298 Ifugao'),
(268, 'Denesik', 'Ned', 243, '62A/00 Waters Village, Kauswagan 5266 Negros Oriental'),
(269, 'Torphy', 'Julie', 157, '74A/58 Bechtelar Haven, Socorro 5348 Maguindanao'),
(270, 'Williamson', 'Hillary', 274, '96 Wintheiser Mission Suite 830, Poblacion, Tuguegarao 4742 Nueva Vizcaya'),
(271, 'Nader', 'Major', 18, '69 McCullough Locks, Poblacion, Urdaneta 0414 Siquijor'),
(272, 'Schoen', 'Angus', 80, '05A/48 Buckridge Ports Apt. 150, Poblacion, Trece Martires 7899 Guimaras'),
(273, 'Kassulke', 'Lesley', 284, '37/60 Yundt Route Apt. 299, Balud 2108 Zamboanga Sibugay'),
(274, 'Cronin', 'Emilio', 185, '85/26 Hills Mall, Poblacion, Talisay 2245 Agusan del Sur'),
(275, 'Stoltenberg', 'Marlene', 165, '85A/34 Fritsch Corner Suite 041, Poblacion, Roxas 9819 Bohol'),
(276, 'Bergnaum', 'Carli', 94, '98A/43 Yost Falls, Quezon City 6894 Cotabato'),
(277, 'Weber', 'Susana', 160, '68/09 McLaughlin Overpass, Sigay 4860 Sulu'),
(278, 'Robel', 'Mya', 147, '12A Witting Hill Suite 109, Daram 9979 Quirino'),
(279, 'Johns', 'Johathan', 131, '91A/12 Russel Pine Apt. 825, Poblacion, Victorias 9245 Lanao del Norte'),
(280, 'Douglas', 'Darrel', 186, '34/62 Haag Crossroad Suite 623, Poblacion, Carcar 3790 Cavite'),
(281, 'Reichel', 'Charlotte', 15, '84/51 Bernier Spur, Poblacion, Talisay 8752 Bataan'),
(282, 'Farrell', 'Kim', 36, '56A/05 Hills Fork Suite 958, Capoocan 2608 Misamis Occidental'),
(283, 'Hansen', 'Susan', 65, '84A/77 Lynch Burg Suite 903, Poblacion, Bogo 7115 Zamboanga del Sur'),
(284, 'Koelpin', 'Kale', 197, '72A Rolfson Trafficway Apt. 998, Lubao 9271 Oriental Mindoro'),
(285, 'Ondricka', 'Reina', 109, '09 Swift Gateway Apt. 635, Poblacion, San Fernando 5270 Zamboanga Sibugay'),
(286, 'Hirthe', 'Olga', 40, '19A Braun Ville Suite 276, Rajah Buayan 6053 Catanduanes'),
(287, 'Stanton', 'Chet', 117, '56A Oberbrunner Knolls Apt. 036, Poblacion, El Salvador 7806 Negros Oriental'),
(288, 'Nader', 'Elise', 276, '89A DuBuque Forest Suite 442, Poblacion, Batac 1375 Bohol'),
(289, 'Goldner', 'Summer', 23, '76 Fadel Green Suite 927, Loon 0112 Sorsogon'),
(290, 'Pollich', 'Derick', 170, '04/91 Rath Groves, Poblacion, Bago 6550 Nueva Vizcaya'),
(291, 'Kertzmann', 'Craig', 134, '10A Price Court, Poblacion, Pagadian 6699 Zamboanga del Norte'),
(292, 'Bahringer', 'Emilie', 66, '20/78 Pfeffer Extensions Apt. 416, Poblacion, Las Piñas 8671 Pampanga'),
(293, 'Jacobson', 'Clovis', 158, '95/10 Bartoletti Alley, Poblacion, Escalante 9774 Cebu'),
(294, 'Lubowitz', 'Florence', 106, '71/94 Block Hill, Poblacion, La Carlota 2050 Oriental Mindoro'),
(295, 'Schowalter', 'Holden', 12, '34 Beahan Wall Suite 189, Silago 6624 Davao Oriental'),
(296, 'Braun', 'Zoey', 139, '14 Carroll Mountains, Balilihan 1954 Rizal'),
(297, 'Marks', 'Maida', 155, '65A/13 Mertz Prairie, Poblacion, Batac 3359 Camarines Norte'),
(298, 'Spinka', 'Joyce', 284, '20 Lesch Circles Suite 617, Linamon 9086 Dinagat Islands'),
(299, 'Beahan', 'Alessia', 47, '78/05 Schinner Fork Suite 631, Marabut 7185 Maguindanao'),
(300, 'Leffler', 'Oliver', 285, '17A/05 Hermiston Valleys, Tukuran 9950 Quezon'),
(301, 'Baumbach', 'Raymond', 188, '53/94 Conn Station Apt. 730, Poblacion, Ilagan 5614 Nueva Ecija'),
(302, 'Hilpert', 'Orland', 155, '35A Koch Villages Apt. 841, Poblacion, Tuguegarao 8391 Misamis Occidental'),
(303, 'Larson', 'Dayana', 33, '20 Daniel Plaza, Poblacion, Koronadal 9013 Samar'),
(304, 'Gerhold', 'Alberta', 234, '63/15 Hermiston Stream, Madalag 9797 Misamis Occidental'),
(305, 'Bernhard', 'Kyler', 233, '43 Funk Hollow Apt. 625, Poblacion, Tagbilaran 0496 Camarines Sur'),
(306, 'Parker', 'Hubert', 159, '73 Volkman Villages Apt. 178, San Mateo 2498 Leyte'),
(307, 'Grady', 'Paolo', 173, '26A/66 Hackett Fork, Badiangan 6283 Bukidnon'),
(308, 'Halvorson', 'Lenore', 16, '70/99 Auer Crescent Apt. 522, Poblacion, Antipolo 9714 Agusan del Sur'),
(309, 'Hermiston', 'Carleton', 160, '95 Padberg Fort Suite 874, Naawan 7206 Davao Oriental'),
(310, 'Schuppe', 'Anabel', 39, '20 West Terrace, Poblacion, Batangas City 4140 Bukidnon'),
(311, 'Gibson', 'Novella', 264, '50A Boyle Spring, Poblacion, Balanga 0329 Surigao del Norte'),
(312, 'Blick', 'Wilford', 211, '28A Welch Divide Apt. 216, Tanauan City 3380 Biliran'),
(313, 'Deckow', 'Bernadette', 136, '99A Kilback Avenue, Victoria 7527 Ilocos Norte'),
(314, 'Harber', 'Hallie', 190, '62/04 White Courts Suite 106, Poblacion, Baybay 1074 Camarines Norte'),
(315, 'Blanda', 'Micheal', 267, '04 Kerluke Valley, New Lucena 8215 Davao Oriental'),
(316, 'Gaylord', 'Beau', 6, '22 Hickle Lodge, Binangonan 0400 Cotabato'),
(317, 'Koepp', 'Maribel', 186, '13A/22 Gerlach Parkways, Dinas 8630 Isabela'),
(318, 'Kerluke', 'Maxwell', 61, '69A/31 Wisoky Port Suite 075, Poblacion, Himamaylan 0034 Occidental Mindoro'),
(319, 'Koepp', 'Koby', 185, '17 Kuhlman Pike Apt. 029, Tabogon 2361 Oriental Mindoro'),
(320, 'Brakus', 'Mervin', 220, '53 Rogahn Prairie, Poblacion, El Salvador 1709 Kalinga'),
(321, 'Gutkowski', 'Jaiden', 87, '26 Jones Hills, Burgos 8201 Sorsogon'),
(322, 'Schamberger', 'Odie', 18, '70A Abbott Flats Suite 325, Poblacion, Mandaluyong 9910 Nueva Ecija'),
(323, 'Terry', 'Gage', 52, '36A Schneider Alley, Poblacion, Lapu-Lapu 6674 Quezon'),
(324, 'Bechtelar', 'Rylee', 184, '63A/38 Douglas Forks Apt. 406, Poblacion, Baguio 9550 Laguna'),
(325, 'Pagac', 'Hallie', 101, '01 Murray Mount, Poblacion, Marikina 3836 Southern Leyte'),
(326, 'Dach', 'Carli', 266, '74A/73 Mante Mews, Poblacion, Catbalogan 7509 Lanao del Sur'),
(327, 'Smitham', 'Susan', 84, '50A/18 Jaskolski Fords Apt. 862, Laur 7205 Bulacan'),
(328, 'Bogan', 'Arch', 93, '23A Brown Mountains Apt. 970, Lupi 3406 Sarangani'),
(329, 'Casper', 'Araceli', 81, '23A/64 Mitchell Gardens Suite 197, Tuy 2264 Tawi-Tawi'),
(330, 'Haag', 'Dominic', 29, '57 Beahan Circle Suite 681, Caraga 2639 Camarines Norte'),
(331, 'Adams', 'Lemuel', 172, '87/39 Greenholt Pines Suite 365, Poblacion, Manila 0276 Tawi-Tawi'),
(332, 'McDermott', 'Amparo', 119, '80A Quigley Key Apt. 561, Ungkaya Pukan 4700 Bohol'),
(333, 'Erdman', 'Jasper', 49, '49 Conroy Neck, Poblacion, Cabuyao 0069 Guimaras'),
(334, 'Deckow', 'Dominic', 245, '14 Grady Cliff, Bugasong 5081 Bukidnon'),
(335, 'Bins', 'Ignatius', 67, '11 Kovacek Forges, Poblacion, Sagay 7372 Bukidnon'),
(336, 'Runolfsson', 'Karen', 157, '39A/04 Orn Stravenue, Tandag City 1755 Cagayan'),
(337, 'Nienow', 'Sherwood', 115, '19 Luettgen Tunnel Suite 809, Guindulungan 5033 Rizal'),
(338, 'Swaniawski', 'Brady', 153, '54/94 Sauer Common Apt. 580, Poblacion, Tacloban 9802 Zamboanga del Sur'),
(339, 'Rogahn', 'Valentine', 274, '22A Jacobi Gardens, Batangas City 0965 Lanao del Norte'),
(340, 'Kuhn', 'Joshua', 49, '54A/04 Dare Island Apt. 753, Poblacion, Isabela 0959 Rizal'),
(341, 'Haag', 'Brennan', 73, '27/09 Hirthe Island Suite 295, Poblacion, Las Piñas 5131 Camarines Sur'),
(342, 'Wunsch', 'Michale', 156, '41A/95 Lang Viaduct Suite 545, Poblacion, Toledo 4835 Bulacan'),
(343, 'Stehr', 'Marcel', 87, '55/44 Flatley Prairie, Poblacion, Passi 4221 La Union'),
(344, 'Gleason', 'Arno', 2, '10 Fadel Union, Zamboanguita 7673 Iloilo'),
(345, 'Okuneva', 'Ressie', 231, '71A/33 Hand Crossroad, Cauayan City 3994 Bukidnon'),
(346, 'Pacocha', 'Katharina', 111, '92/21 Sporer Pass Apt. 537, Poblacion, Trece Martires 8567 Kalinga'),
(347, 'Smitham', 'Rashad', 60, '45A Gorczany Ports, Poblacion, El Salvador 1321 Romblon'),
(348, 'Marvin', 'Beaulah', 80, '99/07 VonRueden Crescent, Poblacion, Dasmariñas 1206 Sulu'),
(349, 'Haley', 'Desmond', 164, '43/54 Schmitt Road Suite 719, Lapuyan 2099 Camarines Sur'),
(350, 'Hermann', 'Enrique', 177, '45/78 Ankunding Ville, Poblacion, Sipalay 6529 Sorsogon'),
(351, 'Pfannerstill', 'Elnora', 101, '97A Pfannerstill Haven, Poblacion, San Jose 8021 Zamboanga del Norte'),
(352, 'Abernathy', 'Tristian', 32, '90A/90 Stokes Ports, Poblacion, Tandag 0939 Dinagat Islands'),
(353, 'Langworth', 'Alvis', 248, '50A/38 Wyman Walks, Santo Niño 7789 Lanao del Sur'),
(354, 'Kub', 'Madyson', 110, '57/34 Donnelly Estate, Poblacion, San Jose 2234 Tawi-Tawi'),
(355, 'Zieme', 'Janis', 161, '05 Johnson Trafficway, Nature and Science City of Los Baños 6389 Tawi-Tawi'),
(356, 'Rodriguez', 'Jalen', 252, '53 Kerluke Plains, Jaro 5089 Zamboanga del Sur'),
(357, 'Hagenes', 'Macy', 194, '94A Pollich Lane Apt. 665, Manaoag 3819 Pangasinan'),
(358, 'Nader', 'Kendra', 173, '87/37 Gorczany Canyon Suite 946, Tanay 3114 Misamis Occidental'),
(359, 'Little', 'Dolores', 24, '87 Dietrich Mall Suite 743, Poblacion, General Santos 1942 Sorsogon'),
(360, 'Nienow', 'Bell', 186, '57A Altenwerth Bypass Suite 905, Poblacion, Tarlac City 1901 Davao del Norte'),
(361, 'Kilback', 'Carlie', 157, '13/09 Hamill Port, Poblacion, Manila 9077 Oriental Mindoro'),
(362, 'Feil', 'Una', 127, '80A/37 Ferry Orchard Suite 715, Poblacion, Talisay 8231 Pampanga'),
(363, 'Corkery', 'Cortney', 4, '80 Brakus Streets, San Pedro 0777 Sulu'),
(364, 'Koch', 'Ashton', 276, '76A/62 Stoltenberg Streets, Poblacion, San Juan 7417 Masbate'),
(365, 'Mertz', 'Luis', 138, '78A Heathcote Highway Suite 480, Pila 6692 Marinduque'),
(366, 'Little', 'Lennie', 83, '76 Pfeffer Avenue, Poblacion, Tangub 6007 Davao Oriental'),
(367, 'Crist', 'Kelsi', 202, '65/39 Maggio Lake, Poblacion, Mabalacat 5695 Rizal'),
(368, 'Koelpin', 'Ottilie', 71, '88A/67 Ziemann Shore, Poblacion, Bacoor 9725 Camiguin'),
(369, 'Baumbach', 'Pattie', 205, '60 Hauck Drive Suite 000, Matnog 3267 Quezon'),
(370, 'Treutel', 'Josiane', 19, '58A/56 Nitzsche Mountains, Poblacion, Surigao City 9608 Sultan Kudarat'),
(371, 'Considine', 'Amanda', 220, '52/64 Collier Throughway, Poblacion, Digos 6335 Bukidnon'),
(372, 'Wilkinson', 'Alyce', 84, '42/66 Heidenreich Hollow, Poblacion, Ormoc 0341 Cotabato'),
(373, 'Fisher', 'Rhianna', 200, '76 Yost Glens Apt. 299, Clarin 0769 Zamboanga del Norte'),
(374, 'Leannon', 'Brent', 6, '37A/52 Wisoky Plains Suite 616, San Juan 4427 Davao del Sur'),
(375, 'Nitzsche', 'Jaqueline', 226, '72/62 Grant Place Apt. 689, Tigbao 6407 Southern Leyte'),
(376, 'Kuhic', 'Karlie', 26, '84A Schulist Grove, Tubod 7990 La Union'),
(377, 'Bechtelar', 'Gerardo', 181, '82A Shields Light Suite 409, Poblacion, Legazpi 6547 Antique'),
(378, 'Johnston', 'Hyman', 42, '92A/58 Abshire Falls Apt. 041, Poblacion, Meycauayan 8960 Zamboanga del Sur'),
(379, 'Emmerich', 'Shana', 199, '61 Wisozk Dale Suite 096, Bacong 6860 Southern Leyte'),
(380, 'Kovacek', 'Gerda', 154, '71A Schowalter Tunnel Apt. 168, Kolambugan 5933 Misamis Oriental'),
(381, 'Ruecker', 'Micheal', 229, '45/19 Farrell Village Apt. 671, Poblacion, Cabadbaran 6373 Zamboanga Sibugay'),
(382, 'Volkman', 'Rahul', 20, '16A/98 Hintz Isle, Mendez 4690 Siquijor'),
(383, 'Schmeler', 'Gideon', 230, '60/16 Rempel Cliffs Suite 956, Bongabon 4366 Agusan del Norte'),
(384, 'Waelchi', 'Cletus', 184, '74 Klein Trace, Tublay 4543 Batangas'),
(385, 'Luettgen', 'Erling', 139, '93A Haag Stream, Poblacion, Imus 5875 Ifugao'),
(386, 'Johns', 'Kennith', 30, '85/56 Kuphal Parkway Suite 545, Allacapan 4749 Southern Leyte'),
(387, 'Nienow', 'Jaida', 136, '38 Bahringer Camp, Poblacion, Catbalogan 3293 Metro Manila'),
(388, 'Veum', 'Elsa', 281, '60/21 Gleichner Summit Suite 249, Poblacion, Ligao 9050 Albay'),
(389, 'Hoeger', 'Jabari', 175, '88 Stracke Dale Apt. 417, Tampakan 6739 Zamboanga del Sur'),
(390, 'Dickinson', 'Annamarie', 255, '93/13 Skiles Heights Apt. 013, Shariff Aguak 6659 Abra'),
(391, 'McClure', 'Kristin', 21, '73 Huels Track, Esperanza 1271 Batangas'),
(392, 'Heaney', 'Kelsi', 70, '88/79 Erdman Via, Santa Catalina 7722 Sulu'),
(393, 'Koch', 'Abigail', 90, '35/75 Green Brooks Apt. 829, Polomolok 6111 Metro Manila'),
(394, 'Grimes', 'Kristy', 53, '82A McClure Rapids Suite 747, Poblacion, Bayugan 2120 Palawan'),
(395, 'Fahey', 'Sabrina', 25, '64/37 Green Center, Lobo 1735 Rizal'),
(396, 'Wilderman', 'Elenor', 31, '76A/80 Kertzmann Fall, Poblacion, Victorias 1269 Isabela'),
(397, 'Cartwright', 'Kiel', 170, '06 Kautzer Villages Suite 907, Poblacion, Cabuyao 5267 Laguna'),
(398, 'Little', 'Beverly', 277, '90A Jerde Lake, Poblacion, Naga 8807 Pangasinan');

-- --------------------------------------------------------

--
-- Table structure for table `office`
--

DROP TABLE IF EXISTS `office`;
CREATE TABLE IF NOT EXISTS `office` (
  `id` int NOT NULL AUTO_INCREMENT,
  `name` varchar(45) NOT NULL,
  `contactnum` varchar(45) DEFAULT NULL,
  `email` varchar(45) DEFAULT NULL,
  `address` varchar(100) DEFAULT NULL,
  `city` varchar(45) DEFAULT NULL,
  `country` varchar(45) DEFAULT NULL,
  `postal` int DEFAULT NULL,
  PRIMARY KEY (`id`)
) ENGINE=InnoDB DEFAULT CHARSET=utf8mb4 COLLATE=utf8mb4_0900_ai_ci;

--
-- Dumping data for table `office`
--

INSERT INTO `office` (`id`, `name`, `contactnum`, `email`, `address`, `city`, `country`, `postal`) VALUES
(1, 'Computer Studies Department', '433-5684', 'csd@psu.palawan.edu.ph', 'IT Building', 'Puerto Princesa', 'Philippines', 5300),
(2, 'CS Dean\'s Office', '433-5686', 'cs@psu.palawan.edu.ph', 'CS Building', 'Puerto Princesa', 'Philippines', 5300),
(3, 'Creative Code Inc.', '433-5685', 'cci@gmail.com', 'NIT Building', 'Puerto Princesa', 'Philippines', 5300),
(4, 'Creative Code Inc.', '433-5685', 'cci@gmail.com', 'NIT Building', 'Puerto Princesa', 'Philippines', 5300),
(5, 'Office of the President', '433-1234', 'oup@psu.palawan.edu.ph', 'Admin building', 'Puerto Princesa', 'Philippines', 5300),
(6, 'City Hall', '433-5688', 'cityhall@gmail.goc', 'Sports Complex', 'Puerto Princesa', 'Palawan', 5300),
(9, 'Jan Glenard Tolentino', '4335688', 'tolentinojanglenard5@gmail.com', 'adadad', 'adad', 'Philippines', 5300),
(10, 'school library', '433-5660', '2111@psu.palawan.edu.ph', 'Tiniguiban', 'Puerto Princesa', 'Palawan', 5300),
(11, 'Weissnat Ltd', '536-671-663', 'johnson.jermain@abshire.com', '74/59 Mayer Islands Suite 903, Magsaysay 3889 Sorsogon', 'Palayan\r\n				', 'Denmark', 4444),
(12, 'Bergstrom-Halvorson', '759-770-716', 'srath@armstrong.info', '84 Franecki Prairie, Poblacion, Tangub 0360 Surigao del Sur', 'Tandag\r\n					', 'United States Minor Outlying Islands', 4131),
(13, 'Ritchie, Koss and Nienow', '663-927-877', 'rice.talia@stokes.biz', '67A Dach Union Apt. 754, Poblacion, Isabela 6824 Apayao', 'Dapitan\r\n					', 'Liechtenstein', 2769),
(14, 'Balistreri PLC', '875-765-005', 'wunsch.emelia@dickinson.com', '78A/50 Stehr Hill Apt. 248, Poblacion, Guihulngan 6911 Quezon', 'Las Piñas\r\n					', 'Belarus', 3626),
(15, 'Frami, Schumm and Wolff', '023-775-875', 'okon.raina@kassulke.info', '29A/85 Johnston Turnpike, Poblacion, Naga 0836 Benguet', 'Cabanatuan\r\n					', 'Monaco', 3063),
(16, 'Renner, Metz and Carroll', '877-506-090', 'terrill74@kuhic.com', '87A Grimes Valleys Apt. 876, Manito 3442 Tarlac', 'San Jose\r\n					', 'Australia', 9612),
(17, 'McLaughlin and Sons', '936-683-942', 'cschowalter@cassin.com', '22A Macejkovic Rapids Suite 338, Poblacion, Mabalacat 8627 Southern Leyte', 'Vigan\r\n					', 'Tokelau', 5933),
(18, 'Koelpin Inc', '050-984-192', 'dbernhard@leuschke.net', '61/06 Weissnat Ridges, Poblacion, Puerto Princesa 5809 Iloilo', 'Tanjay\r\n					', 'Macedonia', 6487),
(19, 'Rosenbaum, Eichmann and Brown', '770-672-459', 'joanne61@weissnat.com', '04A Dach River Apt. 589, Salcedo 3003 Metro Manila', 'Surigao City\r\n					', 'Solomon Islands', 3426),
(20, 'Adams, Pfeffer and Muller', '825-994-809', 'klein.kaylee@mueller.org', '07 Koss Heights, Poblacion, Bayawan 5068 Pampanga', 'Olongapo					', 'Dominican Republic', 2681),
(21, 'McLaughlin Inc', '303-233-311', 'zreinger@bayer.com', '12A Terry Centers, Poblacion, Gingoog 2223 Maguindanao', 'Legazpi\r\n					', 'Argentina', 5766),
(22, 'Reichel, Kassulke and Grady', '077-297-256', 'jayson73@abernathy.biz', '16/05 Schumm Station Apt. 830, Hinigaran 3761 Northern Samar', 'Himamaylan\r\n					', 'Aruba', 8489),
(23, 'Gusikowski, Dach and Feeney', '903-514-804', 'selina71@zieme.com', '09A/57 Brakus Grove Suite 858, Sugbongcogon 4012 Abra', 'Tayabas\r\n					', 'Anguilla', 8875),
(24, 'Kiehn-Konopelski', '605-678-311', 'reta50@heaney.biz', '58/17 Braun Mountain Apt. 089, Poblacion, San Fernando 8715 Siquijor', 'Bogo\r\n					', 'Colombia', 5030),
(25, 'Sanford and Sons', '260-687-892', 'dibbert.lelia@ruecker.com', '27A Cummerata Circle, Sara 4873 Sorsogon', 'Muñoz\r\n					', 'Chile', 8669),
(26, 'Zemlak-Brown', '697-174-257', 'nicolas.gregoria@brekke.com', '39/72 Ritchie Crossing, Doña Remedios Trinidad 6673 Ilocos Sur', 'Bacolod\r\n					', 'Mali', 824),
(27, 'Boyle and Sons', '554-150-690', 'ohamill@weimann.com', '64A/15 Pollich Land, Poblacion, Quezon City 4801 Rizal', 'Mandaluyong\r\n					', 'Greenland', 5845),
(28, 'Dicki, Christiansen and Dickens', '240-867-607', 'friesen.leonard@quigley.com', '25 Cummerata Mill, Pagsanghan 2132 Metro Manila', 'Bacoor\r\n					', 'Germany', 236),
(29, 'Tillman, Dicki and Medhurst', '172-775-829', 'amacejkovic@kihn.com', '05A Davis Points, Poblacion, Tayabas 3003 Davao Oriental', 'Caloocan\r\n					', 'Syrian Arab Republic', 1667),
(30, 'Hodkiewicz PLC', '779-959-797', 'gstark@krajcik.com', '46/03 Goyette Burg Apt. 133, Poblacion, Tagbilaran 4016 Eastern Samar', 'Baybay\r\n					', 'Reunion', 942),
(31, 'Kuhlman, Bogan and Lowe', '330-649-924', 'rfadel@goodwin.org', '47A Johnson Place, Poblacion, Gingoog 8457 Sorsogon', 'Dapitan\r\n					', 'British Virgin Islands', 6117),
(32, 'Grady and Sons', '624-383-827', 'dare.flavie@gleichner.com', '60/73 Berge Road, Poblacion, Borongan 6578 Guimaras', 'Sipalay\r\n					', 'United Kingdom', 8702),
(33, 'Raynor Ltd', '071-958-842', 'lavonne31@schroeder.biz', '60A/29 Johns Manor Suite 038, Mangatarem 5538 Bukidnon', 'Tandag\r\n					', 'Slovakia (Slovak Republic)', 5980),
(34, 'Schaden Ltd', '124-197-077', 'ihill@russel.com', '07 Bergstrom Fall, New Washington 2451 Davao del Sur', 'Tacloban\r\n					', 'Gabon', 8744),
(35, 'Wolff LLC', '890-446-441', 'ferne.stark@boyer.net', '14/47 Runolfsson Underpass Suite 861, Bato 5413 Siquijor', 'Kabankalan\r\n					', 'Guatemala', 9794),
(36, 'Deckow-Maggio', '886-550-668', 'dannie.stark@von.biz', '30/92 Murazik Extensions Suite 938, Poblacion, Tayabas 2301 Davao del Sur', 'Pasay\r\n					', 'United Kingdom', 9254),
(37, 'Hansen-Hirthe', '327-724-855', 'abigale09@pouros.com', '67/70 Roberts Prairie Suite 857, Poblacion, Tanauan 6378 Ilocos Sur', 'Panabo\r\n					', 'Martinique', 1684),
(38, 'Watsica-Cronin', '908-852-848', 'giovanna89@walsh.info', '69 Jacobi Fords, Poblacion, Alaminos 2740 Abra', 'Calapan\r\n					', 'Lebanon', 5866),
(39, 'Littel-Oberbrunner', '083-553-742', 'stefan05@kunde.com', '01/90 Hodkiewicz Plains, Poblacion, Calamba 8302 Apayao', 'Cavite City\r\n					', 'Philippines', 9729),
(40, 'Green, Stroman and Douglas', '026-653-470', 'candelario59@denesik.com', '81/66 Rice Flats Apt. 526, Poblacion, Tanjay 9384 Cotabato', 'Santiago\r\n					', 'Senegal', 4245),
(41, 'Kub, Koepp and Rice', '651-894-700', 'aric03@casper.info', '90/89 Abshire Spurs, Calamba 4795 Bohol', 'Victorias\r\n					', 'Somalia', 1985),
(42, 'Flatley-Crist', '277-241-311', 'harber.janiya@cole.com', '39A Cartwright Trail, Poblacion, Cauayan 8313 Quezon', 'Taguig\r\n					', 'Congo', 5820),
(43, 'Cormier-Lindgren', '074-111-889', 'berry83@kub.com', '18A/24 Deckow River Suite 614, Milagros 8423 Batangas', 'Dumaguete\r\n					', 'Hungary', 7158),
(44, 'Goldner-Smitham', '942-440-575', 'ckreiger@doyle.com', '24 Adams Locks Suite 801, Dimiao 1063 Benguet', 'Meycauayan\r\n					', 'Cambodia', 8726),
(45, 'Armstrong Inc', '853-125-165', 'anita.koepp@bernier.com', '71 Waelchi Lodge Suite 496, Poblacion, Cebu City 6862 Sultan Kudarat', 'Valencia					', 'Austria', 6381),
(46, 'Streich-Langosh', '041-524-684', 'bbailey@rempel.org', '84 Daugherty Green, Amadeo 9170 Davao del Sur', 'Lipa\r\n					', 'Ukraine', 2256),
(47, 'King, Lebsack and Runolfsson', '613-063-502', 'elisabeth.bauch@blick.biz', '04 Baumbach Haven, Poblacion, Angeles 2991 Sulu', 'Kabankalan\r\n					', 'Honduras', 1518),
(48, 'Okuneva LLC', '818-515-937', 'pagac.francis@beier.biz', '85 Nolan Prairie, Poblacion, Cebu City 2503 Nueva Vizcaya', 'Antipolo\r\n					', 'Cyprus', 2462),
(49, 'Jaskolski Ltd', '313-380-647', 'jacobs.cathrine@collier.info', '33 Pfannerstill Islands Suite 655, Poblacion, Catbalogan 8420 Camarines Sur', 'Ormoc\r\n					', 'Paraguay', 2691),
(50, 'Leuschke-Reinger', '617-635-272', 'maiya69@nader.com', '81A Franecki Inlet Suite 776, San Ildefonso 8553 Cavite', 'Balanga\r\n					', 'Sweden', 8721),
(51, 'Denesik, Brown and Kilback', '347-905-415', 'sfeil@lindgren.info', '50A Aufderhar Springs, Pozzorubio 2917 Aurora', 'Bogo\r\n					', 'El Salvador', 3579),
(52, 'Waelchi-Friesen', '566-483-658', 'alexanne.daugherty@white.com', '39 Stroman Fords Suite 897, Poblacion, La Carlota 8128 Capiz', 'Lipa\r\n					', 'Turkmenistan', 3436),
(53, 'Kulas Group', '230-500-572', 'derek.okon@marquardt.biz', '40A/35 Nikolaus Station Suite 411, Ipil 0702 Apayao', 'Tabaco\r\n					', 'Paraguay', 6760),
(54, 'Koss and Sons', '323-748-202', 'rosa06@strosin.com', '15 Weissnat Forest Suite 631, Bongabong 8627 Capiz', 'Danao\r\n					', 'Bhutan', 1955),
(55, 'Bernhard Inc', '045-868-811', 'adrian57@fisher.com', '51A Blanda Motorway, Burgos 4105 Lanao del Sur', 'Dasmariñas\r\n					', 'Norway', 1014),
(56, 'Ebert, Halvorson and Lemke', '544-386-014', 'joana68@murray.org', '61 Russel Heights Suite 934, Tinglayan 1763 Masbate', 'Malaybalay\r\n					', 'Macedonia', 924),
(57, 'Jakubowski, Kassulke and Shields', '350-992-305', 'rolfson.felipa@boehm.com', '92/48 Bogan Key, Poblacion, Tuguegarao 3713 Davao Oriental', 'Guihulngan\r\n					', 'Solomon Islands', 8232),
(58, 'McCullough, Hodkiewicz and Kuhic', '062-738-934', 'bogan.emelia@parisian.info', '13A/50 Wyman Drive Suite 190, Poblacion, San Pedro 7025 Quezon', 'Masbate City\r\n					', 'Haiti', 7214),
(59, 'Collins, Crooks and Konopelski', '700-027-184', 'ernser.arno@corwin.org', '45A/88 Witting Pike Apt. 411, Poblacion, Victorias 6921 Antique', 'Borongan\r\n					', 'Uganda', 6716),
(60, 'Cremin-Baumbach', '261-143-754', 'oliver96@wolff.com', '96 Kertzmann Port, Poblacion, Manila 9174 Leyte', 'Alaminos\r\n					', 'Tokelau', 6365),
(61, 'Armstrong-Eichmann', '175-174-831', 'moses.ernser@orn.biz', '36A/16 Hill Extension Suite 978, Salvador Benedicto 6484 Davao Oriental', 'Tagbilaran\r\n					', 'Korea', 726),
(62, 'Bartoletti and Sons', '293-716-661', 'miller.demetrius@spencer.com', '17A/66 Bosco Garden Apt. 529, Lubang 2114 Misamis Occidental', 'Santa Rosa\r\n					', 'Cook Islands', 6287),
(63, 'Rolfson PLC', '501-869-211', 'karley.prohaska@medhurst.net', '40A Stark Mountain, Poblacion, Lipa 6175 Agusan del Sur', 'Sagay\r\n					', 'Australia', 4902),
(64, 'Deckow, Hilpert and Zemlak', '986-269-047', 'tara90@auer.info', '13A/06 Mitchell Mountain, Casiguran 2308 Nueva Ecija', 'Makati\r\n					', 'Portugal', 5985),
(65, 'Crist LLC', '462-821-668', 'bo29@considine.biz', '28A/36 Witting Mountains Apt. 342, Poblacion, Talisay 2313 Agusan del Sur', 'Lipa\r\n					', 'Faroe Islands', 4509),
(66, 'Zboncak, Littel and Runte', '982-759-928', 'vicente36@leffler.com', '34A Roob Cliff Apt. 511, Kayapa 1560 Catanduanes', 'Alaminos\r\n					', 'Falkland Islands (Malvinas)', 2255),
(67, 'Kuhn PLC', '109-204-247', 'llegros@wisozk.net', '00A Collins Stravenue Suite 080, Poblacion, Tanauan 1593 Surigao del Sur', 'Isabela\r\n					', 'Bolivia', 3295),
(68, 'Turner, Boyer and Batz', '328-140-457', 'kulas.ilene@hickle.biz', '22A Waters Mall, Poblacion, Sagay 1545 Ifugao', 'Muntinlupa\r\n					', 'Honduras', 1858),
(69, 'Ernser LLC', '114-333-955', 'cary.feil@dickinson.com', '49A Goodwin Inlet Suite 062, Poblacion, Calamba 5777 Masbate', 'Alaminos\r\n					', 'Saint Martin', 6121),
(70, 'Berge-Conn', '207-141-192', 'delbert89@pacocha.com', '73/58 Becker Lane Suite 201, Poblacion, Candon 0656 Aklan', 'Dipolog\r\n					', 'French Guiana', 608),
(71, 'Kovacek-Wunsch', '171-244-475', 'brown24@lowe.org', '73A Grady Squares Suite 391, Bocaue 9130 Zamboanga del Norte', 'Tangub\r\n					', 'Nepal', 2566),
(72, 'Raynor Group', '908-876-988', 'emile.conroy@lindgren.com', '93 Kling Burg Suite 229, Poblacion, Bago 2498 Agusan del Sur', 'Dapitan\r\n					', 'Honduras', 8170),
(73, 'Schiller, Koch and Stoltenberg', '332-194-575', 'schulist.lessie@ankunding.net', '06A Purdy Shore Apt. 093, Jagna 7977 Samar', 'Tuguegarao\r\n					', 'British Virgin Islands', 5419),
(74, 'Collins LLC', '700-658-556', 'stanton.christiana@oconner.com', '64A/75 Torp Station, Santa Teresita 0164 Davao del Sur', 'San Jose\r\n					', 'Mozambique', 1550),
(75, 'Kassulke, Johns and Ratke', '718-627-129', 'schinner.greg@frami.com', '12A Orn Bridge, Aleosan 0712 Lanao del Norte', 'Calamba\r\n					', 'Trinidad and Tobago', 9214),
(76, 'Bins-Schaden', '591-992-239', 'reichel.sonya@vonrueden.com', '75/79 Smith River Suite 439, Asingan 5735 Misamis Occidental', 'Masbate City\r\n					', 'Burundi', 1950),
(77, 'Blick, Emmerich and Hermiston', '530-750-252', 'torphy.joany@orn.com', '19/51 Kutch Shoals Suite 272, Naga 6089 Batanes', 'Naga\r\n					', 'Saint Vincent and the Grenadines', 8220),
(78, 'Paucek-Cummings', '652-432-520', 'lia.emmerich@murray.org', '64/64 Little Walks, Talipao 9217 Antique', 'Baybay\r\n					', 'Solomon Islands', 5678),
(79, 'Weber-Murray', '445-432-499', 'shintz@gislason.com', '58A/46 Cormier Center Suite 534, Poblacion, Tanauan 1548 Aklan', 'Tagbilaran\r\n					', 'Cuba', 4702),
(80, 'Quitzon, Christiansen and Cole', '867-633-426', 'gladyce04@boehm.com', '11 Waters Highway, Carles 1066 Lanao del Norte', 'Cabadbaran\r\n					', 'Panama', 8932),
(81, 'Kuvalis, Windler and Trantow', '505-132-688', 'anita46@hodkiewicz.com', '49 Shanahan Meadow Apt. 297, Poblacion, Bayawan 8309 Pangasinan', 'Tagaytay\r\n					', 'Paraguay', 180),
(82, 'Strosin-Murazik', '311-457-296', 'talon.nicolas@crist.biz', '01A/60 Reichert Passage, Poblacion, Tacloban 8101 Sultan Kudarat', 'Borongan\r\n					', 'Bhutan', 7029),
(83, 'Parker-Frami', '602-919-671', 'ressie49@emmerich.org', '02A/17 Huel Garden, Tadian 3720 Bulacan', 'Samal\r\n					', 'Mauritania', 8147),
(84, 'Marvin LLC', '303-234-805', 'kub.rylan@fay.com', '31/11 Breitenberg Knoll Suite 215, Cabadbaran City 5446 Tarlac', 'Cavite City\r\n					', 'Liechtenstein', 7516),
(85, 'Jacobs Ltd', '509-690-112', 'zhoppe@thiel.com', '74 Jacobi Wall Apt. 548, Poblacion, San Juan 4683 Palawan', 'Davao City\r\n					', 'Cook Islands', 7596),
(86, 'Lind-Barrows', '238-913-594', 'jmarks@lakin.com', '93 Marks Knolls Apt. 679, Poblacion, Gingoog 4431 Palawan', 'Navotas\r\n					', 'Sweden', 2106),
(87, 'Fisher-Mitchell', '832-155-396', 'lora65@kris.com', '20A/13 Schmitt Skyway, Javier 0824 Agusan del Norte', 'Tangub\r\n					', 'Samoa', 2031),
(88, 'Jenkins, Hilpert and Leannon', '329-322-468', 'maybelle.flatley@moore.com', '93/74 Jones Track Suite 946, Poblacion, Dumaguete 9552 Misamis Occidental', 'Palayan\r\n					', 'Finland', 4478),
(89, 'Brakus-Zboncak', '286-973-788', 'xkertzmann@pfannerstill.com', '00/52 Cummings Walk, Plaridel 1837 Catanduanes', 'Tayabas\r\n					', 'Denmark', 8783),
(90, 'Donnelly, Parisian and Stamm', '745-036-871', 'rlemke@feil.com', '43A/99 Kuhlman Center Suite 068, Maguing 1294 Siquijor', 'Bislig\r\n					', 'Burkina Faso', 7955),
(91, 'Erdman-Streich', '610-209-477', 'umckenzie@goyette.net', '03/19 Okuneva Drives Suite 382, Poblacion, Ilagan 4400 Aklan', 'Danao\r\n					', 'Malaysia', 5213),
(92, 'Skiles Group', '693-376-340', 'camryn.hamill@herman.com', '06A Littel Haven, San Juan 8783 Zamboanga del Norte', 'Trece Martires\r\n					', 'United Kingdom', 7570),
(93, 'Purdy, Cummings and Johnston', '212-642-827', 'ignatius19@grant.biz', '97 Daniel Street, Can-avid 4375 Negros Occidental', 'Naga\r\n					', 'Thailand', 4942),
(94, 'Bruen-Johnston', '001-404-334', 'angeline65@raynor.com', '05A Lehner Gateway Suite 367, Poblacion, Escalante 3392 Mountain Province', 'Gingoog\r\n					', 'Australia', 2081),
(95, 'Swaniawski-Terry', '413-508-801', 'schuster.twila@douglas.com', '06A Keebler Dam Suite 151, Dinalupihan 9447 South Cotabato', 'Oroquieta\r\n					', 'Nepal', 6248),
(96, 'Wehner, Bernier and White', '687-998-524', 'hkautzer@tromp.net', '87/27 Turcotte Fords Apt. 613, Poblacion, Calamba 6426 Cagayan', 'General Santos\r\n					', 'Poland', 9481),
(97, 'McCullough-Ondricka', '367-542-848', 'fbatz@gottlieb.info', '07/85 Rolfson Forest Apt. 890, Poblacion, Trece Martires 4130 Negros Occidental', 'Malolos\r\n					', 'French Southern Territories', 3270),
(98, 'Rempel Inc', '929-471-169', 'considine.lavinia@harvey.info', '36/69 Moore Valleys Apt. 798, Poblacion, Tuguegarao 8930 Biliran', 'Toledo\r\n					', 'Namibia', 4564),
(99, 'Sanford-Padberg', '978-863-727', 'eichmann.dakota@strosin.org', '15A/91 Rutherford Common, Mahaplag 1324 Mountain Province', 'Sipalay\r\n					', 'Saint Vincent and the Grenadines', 184),
(100, 'Russel PLC', '228-745-007', 'scot02@bailey.biz', '31/63 Gulgowski Garden, Sagbayan 8134 Bohol', 'Lamitan\r\n					', 'Christmas Island', 4767),
(101, 'Krajcik and Sons', '445-410-707', 'blanca.steuber@ziemann.com', '49A Koepp Mall Apt. 871, Sarangani 4086 Dinagat Islands', 'Canlaon\r\n					', 'United States Minor Outlying Islands', 3633),
(102, 'Watsica Inc', '290-319-795', 'olson.velva@schinner.info', '79A/28 Hill Road Suite 413, Pilar 6452 Rizal', 'Ozamiz\r\n					', 'Russian Federation', 5172),
(103, 'Bradtke-Heller', '567-654-293', 'fadel.vallie@armstrong.com', '85A Ferry Unions Apt. 646, Poblacion, Taguig 3783 Antique', 'Cadiz\r\n					', 'New Caledonia', 3739),
(104, 'Sanford, Welch and Crona', '812-039-198', 'nico57@kub.com', '53A Torp Plains Apt. 773, Lutayan 0932 Dinagat Islands', 'Pasig\r\n					', 'Faroe Islands', 3000),
(105, 'Carter-Funk', '465-275-530', 'mayert.arlo@johns.biz', '29A Brekke Run Suite 960, Poblacion, Iligan 1909 Bohol', 'Naga\r\n					', 'Lebanon', 8069),
(106, 'Goodwin PLC', '435-516-187', 'koelpin.kelley@rice.com', '93A Little Shore, Lemery 1746 Biliran', 'Calapan\r\n					', 'Poland', 1587),
(107, 'Lind-Morar', '255-222-399', 'winfield.pouros@abbott.com', '51/56 Kihn Land Apt. 537, Poblacion, Himamaylan 8694 Agusan del Sur', 'Balanga\r\n					', 'Sao Tome and Principe', 9017),
(108, 'Cremin, Mraz and Stanton', '653-740-170', 'hbotsford@corwin.com', '83A/84 Cummerata Road Apt. 277, Talisay 3263 Bohol', 'Santiago\r\n					', 'Liechtenstein', 6750),
(109, 'Wisozk PLC', '650-563-082', 'parisian.jeremy@kihn.com', '95A/59 Barrows Viaduct Suite 010, Linapacan 7862 Eastern Samar', 'Tanjay\r\n					', 'Tajikistan', 7189),
(110, 'Pagac Ltd', '655-958-378', 'izabella.donnelly@rempel.com', '01/64 Schiller Forges, Tacloban City 5713 Leyte', 'Panabo\r\n					', 'Zimbabwe', 6373),
(111, 'Koelpin, Runolfsdottir and Rolfson', '744-063-850', 'jovanny.wyman@spencer.info', '86/26 Lesch Branch Suite 952, Poblacion, Himamaylan 4326 Sultan Kudarat', 'Vigan\r\n					', 'Lesotho', 998),
(112, 'Ward, Miller and Ebert', '262-368-955', 'mante.cydney@skiles.info', '95 Rogahn Centers, Shariff Saydona Mustapha 4339 Misamis Occidental', 'Mabalacat\r\n					', 'Paraguay', 2632),
(113, 'Olson Inc', '901-584-102', 'vjenkins@crona.biz', '34/46 Funk Green, La Carlota City 9133 Davao Oriental', 'Cebu City\r\n					', 'Eritrea', 640),
(114, 'Sporer LLC', '666-355-585', 'cristopher.okuneva@bechtelar.com', '40/88 Crona Shore, Aliaga 0615 Lanao del Sur', 'San Pablo\r\n					', 'Turks and Caicos Islands', 6251),
(115, 'Glover, Koss and Armstrong', '880-654-322', 'cruickshank.delbert@mcglynn.biz', '26A/75 Schaden Cape, Ipil 7230 Sultan Kudarat', 'Mati\r\n					', 'Czech Republic', 4018),
(116, 'Schoen LLC', '927-892-462', 'lew97@greenholt.com', '71A Hand Rue Suite 139, Poblacion, Batac 9891 Bulacan', 'Bacoor\r\n					', 'Guatemala', 1654),
(117, 'Hayes, Beier and Smith', '043-121-004', 'gleichner.raphaelle@donnelly.com', '64A/26 Hudson Circles Apt. 969, Poblacion, Dapitan 0846 Batanes', 'Isabela\r\n					', 'Switzerland', 4910),
(118, 'McGlynn-Pfannerstill', '857-015-775', 'cayla40@buckridge.com', '03/83 Heller Unions Apt. 963, Poblacion, San Carlos 2117 Pangasinan', 'Ozamiz\r\n					', 'Albania', 9771),
(119, 'Kerluke Inc', '897-258-751', 'raquel82@champlin.com', '75A Trantow Shores Apt. 567, Binidayan 0841 Catanduanes', 'Bago\r\n					', 'Saint Martin', 1049),
(120, 'Wintheiser-Bogisich', '788-522-972', 'alexane.witting@bernier.com', '03/01 Schmitt Lane Apt. 239, Poblacion, Tanjay 7407 Siquijor', 'Gingoog\r\n					', 'Uzbekistan', 7172),
(121, 'Jakubowski-Walker', '153-561-239', 'ward.joseph@zulauf.com', '41A/82 Kling River, Pontevedra 8515 Bukidnon', 'Dipolog\r\n					', 'Uruguay', 1826),
(122, 'Bins, Dickinson and Kozey', '991-241-407', 'lfadel@weber.com', '14A/49 Bayer Grove, Poblacion, Angeles 1336 Cotabato', 'Digos\r\n					', 'Antigua and Barbuda', 3020),
(123, 'Gutmann, Williamson and Schiller', '754-986-191', 'sibyl.luettgen@okuneva.net', '06A Windler Brook, Pualas 0671 Agusan del Norte', 'Calbayog\r\n					', 'Dominica', 9186),
(124, 'Kuhic-Dibbert', '433-465-550', 'orn.nolan@lowe.com', '70 Batz Tunnel Suite 185, Cabatuan 1920 Ilocos Norte', 'Navotas\r\n					', 'Norway', 8499),
(125, 'Flatley, Runolfsson and Jacobs', '345-744-803', 'emmerich.flavio@hills.net', '99A Schuster Camp, Poblacion, Digos 8738 Quirino', 'Lucena\r\n					', 'Turks and Caicos Islands', 2723),
(126, 'Bergstrom-Kihn', '384-227-856', 'labadie.merl@abbott.com', '56A Lehner Plains Suite 807, Teresa 4539 Misamis Occidental', 'Oroquieta\r\n					', 'Mauritania', 4675),
(127, 'Upton, Pollich and Dicki', '268-002-025', 'dach.patsy@bode.com', '42/88 Kulas Road, Estancia 2564 Northern Samar', 'Toledo\r\n					', 'Tanzania', 9086),
(128, 'Hoppe-Muller', '325-453-525', 'lsimonis@welch.net', '70A/22 Davis Landing Apt. 483, Poblacion, Makati 5488 Negros Oriental', 'Bacoor\r\n					', 'Sweden', 5020),
(129, 'Jerde-Predovic', '240-839-605', 'rosanna.jacobs@green.org', '76/88 VonRueden Walk Suite 230, Poblacion, Pasay 8470 Zamboanga del Norte', 'Pagadian\r\n					', 'Morocco', 1503),
(130, 'Breitenberg PLC', '786-504-093', 'fermin.mante@wisozk.com', '06/99 Ward Highway Suite 737, Sigay 6836 Cotabato', 'Batangas City\r\n					', 'Libyan Arab Jamahiriya', 5568),
(131, 'Bradtke-Frami', '078-365-071', 'mleuschke@rogahn.com', '75A/24 Howe Mission, Poblacion, Cauayan 4755 Sarangani', 'Escalante\r\n					', 'Oman', 8337),
(132, 'Rolfson, Keebler and Thiel', '954-157-796', 'oliver.gutkowski@cummings.info', '07A/84 Hilpert Circles Apt. 745, Sipalay City 6568 Camiguin', 'Imus\r\n					', 'Eritrea', 3180),
(133, 'Hoppe, Schultz and Von', '763-761-119', 'wolf.barton@nader.org', '47 Crooks Glens, Poblacion, Tagum 6131 Sarangani', 'San Pablo\r\n					', 'Costa Rica', 3111),
(134, 'Feest, Farrell and Jast', '941-660-460', 'idella66@romaguera.com', '50 Kunze Center, Poblacion, Palayan 9331 Sulu', 'Makati\r\n					', 'Pakistan', 7237),
(135, 'Shields, Lakin and Kemmer', '653-310-173', 'arjun.torp@smith.com', '89A Kiehn Squares Suite 932, Bangui 5435 Camiguin', 'Kabankalan\r\n					', 'Canada', 9954),
(136, 'Kirlin PLC', '092-514-398', 'rhayes@schneider.net', '11A/91 Cruickshank Run Apt. 661, Poblacion, Iriga 1035 Batangas', 'Cabadbaran\r\n					', 'Costa Rica', 8397),
(137, 'Reichert Group', '570-722-597', 'pparisian@wolf.org', '32/83 Rodriguez Rapids, Poblacion, Bayugan 0201 Northern Samar', 'Mandaluyong\r\n					', 'Chile', 7640),
(138, 'Lind, Erdman and Reinger', '442-854-973', 'alec02@gutmann.com', '07 Casper Flat Apt. 837, Poblacion, Lapu-Lapu 8113 Ilocos Norte', 'Las Piñas\r\n					', 'Philippines', 6726),
(139, 'Lebsack, Batz and Rau', '828-156-032', 'kutch.marty@senger.com', '24 Spinka Crossing, Roxas 8492 Nueva Ecija', 'Talisay\r\n					', 'Denmark', 5927),
(140, 'Schultz-Dibbert', '962-386-391', 'lynch.carson@haag.info', '99A/78 Schoen Trail Apt. 958, Magarao 0779 Samar', 'Samal\r\n					', 'Antigua and Barbuda', 2888),
(141, 'Schoen, Hagenes and Hilpert', '119-876-397', 'ijones@wisozk.net', '55/15 Jones Springs, Lumbayanague 1756 Benguet', 'Bacoor\r\n					', 'Bahrain', 8581),
(142, 'Casper and Sons', '858-713-571', 'braun.tatum@hansen.net', '18A Roberts Street Suite 620, Panabo City 6591 Camiguin', 'Calbayog\r\n					', 'Niger', 70),
(143, 'Stracke and Sons', '528-017-978', 'jose69@yost.com', '90 Lubowitz Point Suite 419, Poblacion, Cebu City 5288 Antique', 'El Salvador\r\n					', 'Guadeloupe', 3196),
(144, 'Collier and Sons', '126-905-810', 'linnie.nitzsche@dickinson.com', '77A Schimmel Garden Apt. 157, Loreto 9113 Quezon', 'San Jose del Monte\r\n					', 'Turkmenistan', 7395),
(145, 'Stark Inc', '450-024-154', 'zcrist@bernier.com', '83/73 Lubowitz Trace, Tuguegarao City 2098 Cagayan', 'Tanauan\r\n					', 'Jersey', 1460),
(146, 'Reichert PLC', '540-036-375', 'efeil@bergnaum.net', '96/76 Graham Terrace Suite 293, Langiden 9443 Cebu', 'Bayugan\r\n					', 'United States Virgin Islands', 1485),
(147, 'Balistreri, Dibbert and Quigley', '344-849-253', 'lucienne.mayer@rowe.com', '40A Borer Pines Apt. 840, Laua-an 2748 Basilan', 'Ozamiz\r\n					', 'Singapore', 8433),
(148, 'Keeling, Schulist and Donnelly', '568-281-853', 'rdibbert@kris.net', '06A Stehr Plains Suite 092, Poblacion, Angeles 7862 Dinagat Islands', 'Santiago\r\n					', 'Chad', 6637),
(149, 'Watsica, Marquardt and Bauch', '029-223-050', 'carmen.larson@pfannerstill.com', '28 Heaney Locks, Poblacion, Iriga 4256 Apayao', 'Muñoz\r\n					', 'Cuba', 7777),
(150, 'Bode LLC', '102-824-015', 'huels.mercedes@crist.com', '20/06 Hickle Path, Poblacion, San Juan 2368 South Cotabato', 'Vigan\r\n					', 'Anguilla', 7765),
(151, 'Flatley, Hand and Boehm', '346-973-886', 'qschneider@herman.com', '06 Macejkovic Roads Apt. 666, Poblacion, Guihulngan 9995 Zamboanga del Norte', 'Candon\r\n					', 'Seychelles', 1303),
(152, 'Hagenes, Hudson and Bode', '402-646-788', 'ibergnaum@koelpin.com', '40A/60 Zulauf Ferry Apt. 121, Poblacion, Calbayog 2764 Oriental Mindoro', 'San Carlos\r\n					', 'Falkland Islands (Malvinas)', 6230),
(153, 'Metz, Rau and Moore', '273-751-351', 'julianne78@kihn.biz', '47 Bergnaum Street Suite 491, Poblacion, San Fernando 7386 Metro Manila', 'Bayawan\r\n					', 'Liberia', 6215),
(154, 'Rohan LLC', '269-112-064', 'kiehn.brigitte@hodkiewicz.com', '31 Schuster Dam, Nueva Era 9775 Pampanga', 'Tacurong\r\n					', 'Norway', 8050),
(155, 'Hyatt-Jerde', '377-427-322', 'connor67@wiza.com', '33/72 Jones Oval, Jaro 0487 Camiguin', 'Puerto Princesa\r\n					', 'Senegal', 4433),
(156, 'Stark Inc', '715-313-816', 'gbednar@weimann.net', '98 McKenzie Springs, Boliney 0622 Batanes', 'Panabo\r\n					', 'Bosnia and Herzegovina', 3800),
(157, 'Morar-Rippin', '539-116-861', 'torey.simonis@hamill.net', '38 Conroy Ford Suite 987, Poblacion, Bais 6218 Zamboanga del Sur', 'Surigao City\r\n					', 'Ukraine', 6069),
(158, 'Kunde, Littel and Tillman', '085-010-791', 'gay.haley@klein.com', '93 Dicki Fall Apt. 815, Poblacion, Baguio 0887 Northern Samar', 'Dipolog\r\n					', 'Saudi Arabia', 3085),
(159, 'Donnelly, Heathcote and Gaylord', '367-940-514', 'kelli34@predovic.com', '50A Mayert Hollow, Poblacion, Quezon City 3268 Metro Manila', 'Candon\r\n					', 'Malta', 1570),
(160, 'Leannon-Douglas', '976-869-417', 'trycia05@haag.info', '84A/59 Torp Ford Suite 578, Belison 6712 Southern Leyte', 'Malabon\r\n					', 'Tokelau', 1672),
(161, 'Reynolds Group', '251-938-344', 'wendy.jakubowski@ryan.net', '21A/08 Sanford Expressway Suite 113, Poblacion, Palayan 9086 Isabela', 'Tayabas\r\n					', 'Sao Tome and Principe', 2777),
(162, 'Upton Inc', '999-254-200', 'rhoppe@lowe.com', '05/07 Borer Oval, Poblacion, Borongan 3161 Zamboanga del Norte', 'La Carlota\r\n					', 'Wallis and Futuna', 2289),
(163, 'Jakubowski-Schimmel', '034-143-494', 'mayra93@cole.com', '61/67 Prosacco Shoal Suite 091, Poblacion, Himamaylan 4734 Metro Manila', 'Tabaco\r\n					', 'San Marino', 6465),
(164, 'McKenzie-Spencer', '509-856-554', 'goreilly@dooley.com', '01A Conn Place Suite 181, Naguilian 4638 Bohol', 'San Carlos\r\n					', 'Slovenia', 8089),
(165, 'Goodwin, Mraz and Feest', '905-524-221', 'fabshire@wehner.info', '94/96 Lakin Field Apt. 791, Poblacion, Ormoc 3356 Bataan', 'Baguio\r\n					', 'Kyrgyz Republic', 4286),
(166, 'Fahey, Zieme and Strosin', '311-501-446', 'wilkinson.pascale@witting.com', '35A/15 Gusikowski Spring Suite 943, Moncada 8610 Guimaras', 'San Juan\r\n					', 'Jersey', 4879),
(167, 'Connelly, Ruecker and Bruen', '674-650-132', 'xvolkman@monahan.biz', '67 Littel Forest, Plaridel 2864 Negros Oriental', 'Pagadian\r\n					', 'Colombia', 789),
(168, 'Brekke-Kutch', '603-379-904', 'jovany.schaefer@spinka.biz', '83A Bechtelar Mill, Poblacion, Bais 2624 Cavite', 'Escalante\r\n					', 'Saint Pierre and Miquelon', 3865),
(169, 'Davis LLC', '082-395-981', 'antonetta.green@bradtke.net', '85A/25 Feil Views Suite 062, Capas 0218 Basilan', 'Pasay\r\n					', 'Guyana', 88),
(170, 'Reilly, Pagac and Frami', '764-805-498', 'rachelle.wuckert@zulauf.info', '14A Nitzsche Hill Suite 394, Camiling 8713 Albay', 'Bacolod\r\n					', 'Nicaragua', 8667),
(171, 'Gleichner Ltd', '713-207-357', 'noble.hintz@wunsch.com', '21 Purdy Ports, Bacolod City 3341 Laguna', 'San Jose del Monte\r\n					', 'Sao Tome and Principe', 4334),
(172, 'Paucek Ltd', '286-557-542', 'rutherford.jacklyn@pagac.biz', '66/03 Johns Ports Suite 595, Bindoy 5195 Southern Leyte', 'Lucena\r\n					', 'Bhutan', 8017),
(173, 'Cartwright Group', '916-075-286', 'rogers.cormier@dicki.com', '31 Haag Squares, Sapang Dalaga 2094 Apayao', 'Bacolod\r\n					', 'Tunisia', 2782),
(174, 'Mann, Bogan and Thiel', '417-097-609', 'dhodkiewicz@hintz.com', '96A Monahan Harbor, Poblacion, Sagay 5248 Apayao', 'Koronadal\r\n					', 'Tokelau', 9657),
(175, 'Ortiz, Upton and Mertz', '390-950-260', 'qborer@lind.com', '45/07 Dooley Turnpike Apt. 271, Panukulan 8320 Misamis Occidental', 'Kidapawan\r\n					', 'French Guiana', 4859),
(176, 'Dibbert-Schuppe', '896-124-972', 'vita11@bergstrom.info', '09A/29 Anderson Curve Suite 610, Poblacion, Mati 4089 Iloilo', 'Isabela\r\n					', 'Iceland', 5514),
(177, 'Russel Group', '912-985-082', 'gertrude.treutel@zulauf.com', '14 Purdy Forest Suite 467, Poblacion, Bislig 6915 Lanao del Sur', 'Malolos\r\n					', 'Bolivia', 1396),
(178, 'Feil-Weissnat', '796-634-743', 'klocko.nicole@hilpert.biz', '04 Mraz Route Apt. 055, Poblacion, Cabuyao 7748 Rizal', 'Iriga\r\n					', 'French Southern Territories', 3719),
(179, 'Jacobi Inc', '159-049-468', 'fannie90@bahringer.com', '93A Schoen Spurs Suite 493, Poblacion, Bayawan 3262 Agusan del Norte', 'Cebu City\r\n					', 'Thailand', 3188),
(180, 'Kessler-Kuhlman', '406-203-363', 'hilpert.rashawn@heller.com', '83/21 Emard Trace Suite 933, Banayoyo 7340 Kalinga', 'Tabaco\r\n					', 'Ethiopia', 8157),
(181, 'Stamm, Parisian and Beier', '823-692-810', 'hansen.izabella@douglas.org', '55/30 Mayert Squares Apt. 788, Tadian 9050 Oriental Mindoro', 'Passi\r\n					', 'Cameroon', 8734),
(182, 'Lesch-Nader', '078-282-938', 'pfeffer.alicia@schamberger.com', '65 Dickens Place, Poblacion, San Jose 5245 Negros Oriental', 'Davao City\r\n					', 'Slovenia', 9134),
(183, 'Turner, Kertzmann and Heaney', '182-267-504', 'vernice35@feeney.biz', '77/88 Gaylord Isle Apt. 157, San Sebastian 8264 Marinduque', 'Kabankalan\r\n					', 'Cook Islands', 5651),
(184, 'Ledner, Zieme and Halvorson', '082-811-116', 'zulauf.abdullah@crist.com', '86 Moore Isle, Poblacion, Manila 4867 Southern Leyte', 'Isabela\r\n					', 'Slovenia', 2096),
(185, 'Crist-Breitenberg', '909-115-184', 'roderick.lesch@corkery.biz', '38A/09 Keeling Turnpike Suite 817, Lingig 5940 Davao Oriental', 'Valenzuela\r\n					', 'Benin', 4095),
(186, 'Stoltenberg, Vandervort and Rogahn', '661-914-854', 'hane.andy@kuvalis.com', '34A/10 Batz Vista, Poblacion, San Fernando 0462 Isabela', 'Tabaco\r\n					', 'Brunei Darussalam', 767),
(187, 'Hirthe-Sipes', '566-948-440', 'vschmidt@blanda.com', '62A Dickens Gateway Suite 157, Poblacion, Sorsogon City 6292 Lanao del Norte', 'Tandag\r\n					', 'Ecuador', 8028),
(188, 'Leffler-Bernier', '604-752-712', 'walter.dashawn@kassulke.com', '58A/97 Cummings Ridge, Plaridel 4866 Catanduanes', 'Bago\r\n					', 'Bouvet Island (Bouvetoya)', 3300),
(189, 'Gottlieb, Weber and Botsford', '292-055-479', 'chance39@torp.com', '87A/16 White Mission, Poblacion, Navotas 9600 Capiz', 'Lamitan\r\n					', 'United States Virgin Islands', 7091),
(190, 'Zemlak Inc', '224-195-931', 'rokuneva@langosh.com', '57A/95 Leffler Pine, Poblacion, Talisay 3664 Pangasinan', 'Bago\r\n					', 'Sierra Leone', 3493),
(191, 'Dare, Hackett and Lebsack', '899-794-591', 'ondricka.dimitri@nader.info', '56/09 Nitzsche Isle, Escalante City 1601 Biliran', 'San Pedro\r\n					', 'Central African Republic', 3743),
(192, 'Rolfson LLC', '836-452-884', 'spinka.randall@bednar.info', '44 Powlowski Parks Apt. 188, Cabanatuan City 5165 Quezon', 'Tacloban\r\n					', 'El Salvador', 9796),
(193, 'Rice-Walter', '710-520-851', 'fcronin@abshire.com', '85 Rempel Parkways Apt. 560, Poblacion, San Carlos 8143 Benguet', 'Bago\r\n					', 'Palau', 365),
(194, 'Thompson Inc', '215-496-871', 'wsanford@murphy.com', '48/92 Fahey Fall Suite 164, Cardona 5843 Misamis Oriental', 'Gapan\r\n					', 'Kenya', 6237),
(195, 'Effertz, Gutkowski and Bahringer', '570-406-892', 'lang.armani@gusikowski.com', '30/99 Schroeder Wells Apt. 473, Poblacion, Angeles 6728 Aklan', 'Pasig\r\n					', 'Paraguay', 6227),
(196, 'Mertz, Christiansen and Douglas', '697-212-240', 'bergstrom.louie@dare.com', '08/93 Hagenes Plaza, Poblacion, Gapan 7121 Biliran', 'Balanga\r\n					', 'Syrian Arab Republic', 2038),
(197, 'West-Kertzmann', '907-590-968', 'brakus.frida@lindgren.biz', '56A Schmeler Pike Apt. 464, Bontoc 3650 Cotabato', 'Cotabato City\r\n					', 'Burkina Faso', 799),
(198, 'Langosh, Heller and Shields', '843-275-726', 'chaz.sawayn@abshire.biz', '33/47 Marvin Lock Suite 015, Poblacion, Himamaylan 3648 La Union', 'Tagbilaran\r\n					', 'Korea', 9636),
(199, 'Pfeffer-Willms', '611-989-632', 'ansley81@ferry.org', '34A/05 Ankunding Shore Apt. 900, Poblacion, Ormoc 0817 Mountain Province', 'Passi\r\n					', 'Isle of Man', 1965),
(200, 'Hermann, Macejkovic and Block', '504-723-243', 'jaqueline.feil@jerde.biz', '48 Fisher River, Poblacion, Muñoz 4499 La Union', 'Cabanatuan\r\n					', 'Saint Helena', 1745),
(201, 'Satterfield PLC', '071-158-887', 'leffler.dianna@hauck.com', '30/46 Dach Summit, Salvador 3951 Aklan', 'Iriga\r\n					', 'Kuwait', 6820),
(202, 'Bergnaum, Gaylord and Mante', '096-938-681', 'vhintz@okuneva.com', '40A/63 Cummings Wall Suite 495, Poblacion, Bogo 6565 Sarangani', 'Bacoor\r\n					', 'Ireland', 2340),
(203, 'Sawayn, Schinner and Ruecker', '325-559-643', 'caden28@ohara.com', '59 Marvin Highway Suite 329, Poblacion, Olongapo 4121 Sorsogon', 'San Jose del Monte\r\n					', 'Saint Lucia', 3682),
(204, 'Daugherty, Will and Bergnaum', '973-911-224', 'mireya81@hickle.info', '34A Osinski Islands, Balbalan 2482 Batangas', 'Zamboanga City\r\n					', 'Congo', 6475),
(205, 'Fahey PLC', '445-866-311', 'stephanie.lesch@dickinson.com', '32A/08 Larson Station, Poblacion, Carcar 0197 Rizal', 'Parañaque\r\n					', 'Faroe Islands', 8960),
(206, 'Morissette, Dooley and Crona', '411-775-451', 'marquardt.mayra@schuppe.com', '95A/53 Jacobson Locks Suite 223, Poblacion, Candon 9662 Davao del Norte', 'Meycauayan\r\n					', 'Japan', 4067),
(207, 'Dicki Ltd', '333-764-534', 'considine.kirsten@hickle.org', '81A/69 Armstrong Passage Suite 450, Poblacion, Bago 9766 Cagayan', 'Borongan\r\n					', 'Kuwait', 5432),
(208, 'Bechtelar, Hansen and Thompson', '947-216-699', 'oscar79@pfeffer.com', '27A Konopelski Parkway Suite 925, Olongapo City 7957 Compostela Valley', 'Muntinlupa\r\n					', 'Guinea-Bissau', 910),
(209, 'Schneider, Schiller and Swift', '660-698-952', 'wortiz@cummings.com', '66A/89 Goldner Brook Apt. 443, Baloi 9044 Nueva Ecija', 'Santiago\r\n					', 'Belgium', 6724),
(210, 'Wolff, Russel and Wolf', '957-010-834', 'leann.bogan@aufderhar.info', '16A Bosco Isle Apt. 750, Poblacion, Tandag 0196 Occidental Mindoro', 'Baguio\r\n					', 'Uruguay', 4129),
(211, 'Boehm Inc', '289-750-994', 'ernie49@gerlach.com', '10A Hahn Ridges Apt. 850, San Andres 8010 Antique', 'Malolos\r\n					', 'Congo', 6492),
(212, 'Dietrich-Koepp', '367-817-946', 'damian.stoltenberg@erdman.com', '27 Gutkowski Extensions, Luba 9415 La Union', 'Cauayan\r\n					', 'Chile', 7491),
(213, 'Rempel-Ondricka', '806-185-281', 'jerde.emmett@dicki.com', '98/66 Jaskolski Forges, Poblacion, Cabadbaran 0201 Sarangani', 'Cavite City\r\n					', 'China', 3938),
(214, 'Hauck, Larson and Wolf', '524-114-725', 'oprice@jacobson.com', '08 Gorczany Extensions Apt. 222, Poblacion, Imus 0943 Camiguin', 'Victorias\r\n					', 'Heard Island and McDonald Islands', 5469),
(215, 'Gulgowski-Hermiston', '611-584-610', 'ava29@leffler.info', '68A/57 Balistreri Greens, Cordoba 7136 Camiguin', 'Las Piñas\r\n					', 'Holy See (Vatican City State)', 4955),
(216, 'Kuvalis, Abernathy and Borer', '927-052-730', 'elisa13@torphy.info', '62A/37 Nolan Stravenue, Poblacion, Cabanatuan 5806 Laguna', 'Urdaneta\r\n					', 'Bahrain', 260),
(217, 'Sanford-Kuhlman', '472-599-282', 'marilou42@brown.biz', '73A/82 Donnelly Landing, Poblacion, Ilagan 2313 Pampanga', 'Catbalogan\r\n					', 'Liberia', 3031),
(218, 'Kuphal, Hills and Ankunding', '708-975-567', 'theresa71@schowalter.com', '40A Hartmann Trail, Pagsanjan 6898 Negros Occidental', 'Iligan\r\n					', 'Antarctica (the territory South of 60 deg S)', 8204),
(219, 'Howe-Larkin', '550-084-631', 'vglover@beer.com', '52A/65 Murphy Crossroad, Poblacion, Legazpi 9546 Sulu', 'Cauayan\r\n					', 'Malaysia', 2009),
(220, 'Simonis LLC', '556-524-524', 'sedrick.krajcik@ebert.com', '16A Friesen Highway, Poblacion, Cebu City 9471 Misamis Occidental', 'San Fernando\r\n					', 'Hungary', 3365),
(221, 'Yost, Dickinson and Borer', '787-675-462', 'randal.gulgowski@daniel.com', '74A Beier Harbors Suite 811, Poblacion, Mati 4533 Albay', 'Marawi\r\n					', 'South Georgia and the South Sandwich Islands', 8567),
(222, 'Beatty-Buckridge', '108-520-263', 'okilback@herzog.com', '63 Kemmer Club Apt. 588, Alcala 2499 Benguet', 'Tandag\r\n					', 'Pakistan', 2204),
(223, 'Sanford-Emard', '679-967-505', 'donnelly.elian@jones.org', '03A/27 Powlowski Plains Apt. 103, Poblacion, Lamitan 0729 Misamis Oriental', 'Taguig\r\n					', 'Cook Islands', 2809),
(224, 'Green-Ritchie', '902-678-160', 'dale80@ortiz.info', '83/32 Reinger Gateway, Poblacion, Masbate City 7149 Davao del Sur', 'Sorsogon City\r\n					', 'Equatorial Guinea', 7272),
(225, 'Roberts, Fisher and Kerluke', '661-014-997', 'sim.pfeffer@rodriguez.com', '28/90 Schinner Camp Suite 400, Poblacion, Canlaon 8681 Maguindanao', 'Toledo\r\n					', 'Burundi', 4609),
(226, 'Erdman Inc', '512-294-527', 'hand.emely@cremin.com', '19A Friesen Shoals, Poblacion, Cauayan 7998 Bohol', 'La Carlota\r\n					', 'Latvia', 6254),
(227, 'Haag-Borer', '075-826-633', 'maggio.gerhard@bogisich.info', '65 Welch Cliffs Suite 980, Poblacion, Tayabas 1368 Marinduque', 'Bacoor\r\n					', 'Seychelles', 2596),
(228, 'Fahey, Aufderhar and McCullough', '682-930-966', 'walter.stephania@torp.com', '45 Krajcik Meadow Apt. 963, La Carlota City 3497 Leyte', 'San Carlos\r\n					', 'Seychelles', 8166),
(229, 'Waters, Koch and Kiehn', '402-463-966', 'verdie50@koss.org', '73 Glover Drive Apt. 095, Poblacion, Catbalogan 3908 Guimaras', 'Batangas City\r\n					', 'Tunisia', 201),
(230, 'Walter Ltd', '443-196-671', 'ohalvorson@cole.com', '84/25 Barrows Lights Suite 838, Alburquerque 9705 Quezon', 'Malaybalay\r\n					', 'India', 6212),
(231, 'Pouros PLC', '837-726-911', 'kianna61@schneider.com', '06 Sawayn Garden Apt. 413, Poblacion, Imus 8395 Biliran', 'Balanga\r\n					', 'Japan', 464),
(232, 'Sporer PLC', '436-495-923', 'schaden.nikolas@schulist.com', '29/49 Kris Stream Suite 446, Poblacion, Bayugan 2563 Bulacan', 'Caloocan\r\n					', 'Christmas Island', 2827),
(233, 'Nikolaus LLC', '522-212-585', 'rodrigo60@durgan.com', '67A Bechtelar Groves Suite 069, Poblacion, Valencia 3165 Quezon', 'Makati\r\n					', 'Saint Barthelemy', 828),
(234, 'Powlowski, Ziemann and Prohaska', '570-803-060', 'maxie24@sanford.com', '91A/75 Bahringer Springs, Northern Kabuntalan 4519 Aklan', 'Calapan\r\n					', 'Egypt', 8644),
(235, 'Gulgowski and Sons', '646-045-046', 'osinski.harvey@fisher.net', '42/08 VonRueden Points Apt. 052, Poblacion, Talisay 7885 Davao del Norte', 'Angeles\r\n					', 'Saint Barthelemy', 682),
(236, 'Lang LLC', '444-453-231', 'reynolds.jocelyn@halvorson.org', '26/78 Fisher Lane, Bayombong 1845 Agusan del Sur', 'Mati\r\n					', 'Cook Islands', 4508),
(237, 'Terry, Tremblay and Schaefer', '133-308-479', 'hettinger.jeanie@vandervort.org', '63 Jones Hill Apt. 155, Poblacion, Santiago 1123 Ilocos Norte', 'Panabo\r\n					', 'Albania', 7691),
(238, 'Corkery-Kozey', '924-708-810', 'ylynch@collins.biz', '32A Macejkovic Motorway Apt. 915, Poblacion, Parañaque 8913 Romblon', 'Batac\r\n					', 'Mayotte', 4177),
(239, 'Walter-Schroeder', '250-311-875', 'mellie.kuvalis@kuhlman.com', '80A/83 Boehm Islands Suite 974, Poblacion, San Carlos 2372 Davao Oriental', 'Legazpi\r\n					', 'Tokelau', 3344),
(240, 'Krajcik and Sons', '501-882-930', 'opollich@connelly.info', '62A/91 Goldner Lodge, Poblacion, Urdaneta 7521 Aklan', 'Tanauan\r\n					', 'Mayotte', 5487),
(241, 'Ryan and Sons', '952-457-163', 'santa19@zieme.com', '97 Gottlieb Hollow Apt. 313, Kidapawan City 7329 Southern Leyte', 'Tanjay\r\n					', 'Mongolia', 4315),
(242, 'Kshlerin-Cummerata', '554-096-893', 'elmira.tillman@bartell.info', '33 Bosco Neck Suite 173, Malita 2256 Zamboanga Sibugay', 'Santa Rosa\r\n					', 'Cape Verde', 4098),
(243, 'Brown, Durgan and Corwin', '453-122-078', 'jtorp@mayer.com', '46 Davis Landing, Rosario 7504 Davao del Sur', 'Cabadbaran\r\n					', 'Vietnam', 3421),
(244, 'Hickle Ltd', '260-377-861', 'myrl32@kunde.com', '01 Batz Park Apt. 397, Paranas 2209 Agusan del Sur', 'Bayugan\r\n					', 'French Polynesia', 9829),
(245, 'Kris, Rowe and Beer', '824-738-248', 'harber.davion@collier.com', '01/90 Crooks Park Suite 443, Poblacion, Bago 7476 Samar', 'Masbate City\r\n					', 'Andorra', 3359),
(246, 'Mann, Pollich and Zboncak', '868-835-144', 'alfonzo45@balistreri.com', '82A Moen Valleys Suite 894, Veruela 4163 Cebu', 'Palayan\r\n					', 'Madagascar', 2536),
(247, 'Crona-Osinski', '749-769-588', 'mae05@hartmann.com', '63/03 Breitenberg Meadow, Poblacion, Ozamiz 7487 Oriental Mindoro', 'Santa Rosa\r\n					', 'Rwanda', 9508),
(248, 'Steuber, Blanda and Boyer', '500-144-785', 'ykilback@robel.info', '92A Klein Station Suite 344, Salcedo 8085 Capiz', 'Tacloban\r\n					', 'Estonia', 5187),
(249, 'Schumm Ltd', '938-552-866', 'fsteuber@keebler.biz', '25A/13 Rolfson Terrace, Poblacion, Batac 8307 Capiz', 'Naga\r\n					', 'Palestinian Territories', 834),
(250, 'Kuvalis and Sons', '032-134-905', 'tlarkin@crooks.info', '50A Thiel Ville Suite 531, Poblacion, Bayawan 7397 Rizal', 'Balanga\r\n					', 'Cape Verde', 1228),
(251, 'Howell-Fadel', '558-146-632', 'konopelski.kaelyn@prosacco.com', '46A/29 Lebsack Pine Suite 813, Limasawa 3338 Pangasinan', 'Cavite City\r\n					', 'Senegal', 4263),
(252, 'Parker PLC', '741-903-727', 'monty29@crooks.com', '90 Willms Motorway, Angono 4481 Tawi-Tawi', 'Vigan\r\n					', 'Philippines', 7055),
(253, 'Waters Group', '883-885-587', 'eudora79@weber.com', '44/45 Bahringer Vista Suite 493, Lantawan 0943 Romblon', 'Toledo\r\n					', 'Western Sahara', 3635),
(254, 'Strosin, Reynolds and Walter', '181-356-999', 'kayla70@walsh.org', '63/25 Little Court Suite 241, Gainza 2966 Oriental Mindoro', 'Valencia\r\n					', 'Faroe Islands', 5984),
(255, 'Dibbert-Rodriguez', '915-030-952', 'dheaney@daugherty.com', '30A/17 Graham Locks Apt. 967, Poblacion, Santa Rosa 0535 Aurora', 'Bais\r\n					', 'Albania', 8964),
(256, 'Donnelly-Conn', '367-370-681', 'shields.dortha@conn.com', '24 Haag Tunnel, Poblacion, San Jose 0525 La Union', 'Bogo\r\n					', 'Cape Verde', 5757),
(257, 'Grimes-Rutherford', '607-941-733', 'wilderman.jaime@crooks.com', '31A/55 Blick Garden Suite 241, Poblacion, Gapan 4940 Ilocos Sur', 'Bacoor\r\n					', 'Saudi Arabia', 4130),
(258, 'Predovic, Williamson and Hirthe', '826-351-735', 'lhill@cummerata.net', '03/27 Yundt Squares, Poblacion, Tangub 6259 Ilocos Sur', 'Bacoor\r\n					', 'Zimbabwe', 269),
(259, 'Reichert PLC', '557-938-358', 'luis.rodriguez@wintheiser.net', '37 Funk Fork, Poblacion, Tagaytay 5967 Lanao del Norte', 'San Pedro\r\n					', 'Gambia', 5630),
(260, 'Bogisich, Emmerich and Smitham', '912-334-133', 'wlegros@leannon.com', '78 Walsh Place, Villareal 9715 Siquijor', 'Tanjay\r\n					', 'Mongolia', 618),
(261, 'Collins, Paucek and Gottlieb', '570-394-840', 'mertz.dell@howe.biz', '93/49 Bogisich Land Apt. 728, Sulat 0957 Ilocos Sur', 'Sipalay\r\n					', 'Panama', 3979),
(262, 'Lesch-Pouros', '939-673-331', 'pietro84@lemke.com', '33A Wyman Expressway, Poblacion, Koronadal 9758 Biliran', 'Tabaco\r\n					', 'Kyrgyz Republic', 2966),
(263, 'Cummerata PLC', '699-720-300', 'cormier.genoveva@damore.com', '56A Brekke Course Suite 135, Poblacion, Baguio 6676 Misamis Occidental', 'Vigan\r\n					', 'Guyana', 4823),
(264, 'Kemmer-Schulist', '725-398-499', 'abner08@douglas.com', '09 Hodkiewicz Passage, Poblacion, Tanauan 7115 Cagayan', 'Trece Martires\r\n					', 'Samoa', 5853),
(265, 'Gleichner, Thompson and Schultz', '352-729-588', 'hlemke@boyle.com', '72A McClure Spur Suite 806, Poblacion, San Juan 9684 Apayao', 'Iriga\r\n					', 'Gabon', 7059),
(266, 'Kohler, Schuppe and Sauer', '177-160-780', 'madalyn.bahringer@sipes.com', '19A/30 Monahan Underpass, President Roxas 8817 South Cotabato', 'Pagadian\r\n					', 'San Marino', 7630),
(267, 'Homenick Inc', '133-137-324', 'jermain81@schmitt.com', '95 Batz Path, Poblacion, San Jose del Monte 3281 Nueva Ecija', 'Cagayan de Oro\r\n					', 'Moldova', 2303),
(268, 'Torphy, Jenkins and Ortiz', '054-416-368', 'lora.johnston@ebert.biz', '04A/76 Harris Plaza Suite 917, Daguioman 7993 Northern Samar', 'Sipalay\r\n					', 'Papua New Guinea', 1966),
(269, 'Lehner-Harber', '914-918-835', 'arussel@von.com', '40/02 Schoen Flats, Flora 5091 Metro Manila', 'Taguig\r\n					', 'Bolivia', 5980),
(270, 'Leannon-Mosciski', '824-071-885', 'erin.simonis@mraz.biz', '81/10 Hodkiewicz Mission, Poblacion, General Santos 6296 Batanes', 'Bislig\r\n					', 'United States Virgin Islands', 963),
(271, 'Smith Ltd', '709-113-796', 'ymclaughlin@jakubowski.com', '48A Quitzon Underpass Apt. 617, Anini-y 2629 Ilocos Sur', 'Iligan\r\n					', 'Saint Barthelemy', 6537),
(272, 'Volkman, Williamson and Grady', '932-558-400', 'legros.kris@lakin.com', '35A/59 Gottlieb Street Apt. 359, Macrohon 1422 Cebu', 'Cabadbaran\r\n					', 'Rwanda', 7881),
(273, 'Ferry, Renner and Spinka', '163-939-425', 'mills.thelma@johnston.com', '39 Feeney Ports, Castilla 5988 Misamis Occidental', 'Butuan\r\n					', 'Sudan', 6652),
(274, 'Bergnaum, Hand and Hagenes', '649-129-073', 'mwolff@predovic.net', '01A Reinger Trace, Gitagum 9588 Misamis Oriental', 'Las Piñas\r\n					', 'Bolivia', 4245),
(275, 'Schiller, Feeney and Murphy', '857-594-341', 'amaggio@anderson.net', '28/71 Boyer Forks Suite 069, Carranglan 9566 Tarlac', 'San Jose del Monte\r\n					', 'Anguilla', 563),
(276, 'Hyatt-Rodriguez', '442-633-900', 'hammes.audrey@miller.net', '20 Ebert Stravenue, Carmen 9022 Sorsogon', 'Dasmariñas\r\n					', 'Saint Vincent and the Grenadines', 8224),
(277, 'Hettinger, Senger and Kuvalis', '067-960-096', 'wunsch.rodrick@senger.com', '65/43 Cartwright Parkway Suite 834, Taraka 3928 Albay', 'Dagupan\r\n					', 'Mauritania', 70),
(278, 'Hermann, Beier and Wisozk', '026-736-172', 'collier.bobbie@casper.com', '72 Koepp Center, Pila 4601 Ilocos Sur', 'Ilagan\r\n					', 'Holy See (Vatican City State)', 3826),
(279, 'Predovic Inc', '307-563-562', 'lowe.javier@moen.biz', '97A/24 Ziemann Orchard Suite 111, Poblacion, Surigao City 3494 Romblon', 'Meycauayan\r\n					', 'Norway', 2859),
(280, 'Schumm LLC', '763-904-467', 'bogisich.selmer@crist.com', '62 Bosco Meadows Suite 020, Nunungan 0257 Zambales', 'Antipolo\r\n					', 'Mozambique', 3615),
(281, 'Beatty and Sons', '506-023-926', 'ytillman@cummerata.com', '24 Hyatt Walks, Poblacion, Himamaylan 0640 Lanao del Norte', 'Navotas\r\n					', 'Saint Pierre and Miquelon', 9378),
(282, 'Connelly-Hermann', '517-120-709', 'rutherford.jaquelin@denesik.com', '06A/69 Pagac Flat Suite 397, Poblacion, Davao City 9392 Eastern Samar', 'Laoag\r\n					', 'Ethiopia', 5103),
(283, 'Sporer Group', '218-060-522', 'kim37@zboncak.com', '17A Mosciski Valley Apt. 213, New Lucena 7009 Zamboanga del Norte', 'Cadiz\r\n					', 'Puerto Rico', 7344),
(284, 'Carter PLC', '389-640-517', 'mark.parker@deckow.com', '00A/23 Mraz Squares Apt. 288, Poblacion, Trece Martires 2356 Misamis Occidental', 'Valenzuela\r\n					', 'Paraguay', 7315),
(285, 'Flatley LLC', '060-439-975', 'noelia75@brakus.com', '51/12 Carter Ridges, Poblacion, Bacolod 9549 Cebu', 'Puerto Princesa\r\n					', 'Uzbekistan', 523),
(286, 'Hickle-Mueller', '503-628-286', 'arden.nitzsche@ebert.com', '41A McDermott Brook Suite 000, Buguias 0985 Davao del Sur', 'Santa Rosa\r\n					', 'Saudi Arabia', 5058),
(287, 'Hahn, Schroeder and Grimes', '599-650-594', 'simonis.noah@brown.com', '15A/23 Runolfsdottir Locks, Ungkaya Pukan 8829 Eastern Samar', 'Makati\r\n					', 'Saint Martin', 3036);

-- --------------------------------------------------------

--
-- Table structure for table `transaction`
--

DROP TABLE IF EXISTS `transaction`;
CREATE TABLE IF NOT EXISTS `transaction` (
  `id` int NOT NULL AUTO_INCREMENT,
  `employee_id` int DEFAULT NULL,
  `office_id` int DEFAULT NULL,
  `datelog` datetime DEFAULT CURRENT_TIMESTAMP,
  `action` enum('IN','OUT','COMPLETE') DEFAULT NULL,
  `remarks` varchar(100) DEFAULT NULL,
  `documentcode` varchar(100) NOT NULL,
  PRIMARY KEY (`id`)
) ENGINE=InnoDB AUTO_INCREMENT=212 DEFAULT CHARSET=utf8mb4 COLLATE=utf8mb4_0900_ai_ci;

--
-- Dumping data for table `transaction`
--

INSERT INTO `transaction` (`id`, `employee_id`, `office_id`, `datelog`, `action`, `remarks`, `documentcode`) VALUES
(1, 3, 1, '2022-03-19 09:55:16', 'IN', 'For approval', '100'),
(2, 3, 2, '2022-03-19 09:55:37', 'OUT', 'Signed', '100'),
(3, 3, 1, '2022-03-19 09:55:53', 'COMPLETE', 'Signed', '100'),
(4, 3, 1, '2022-03-19 09:55:30', 'OUT', 'Signed', '100'),
(5, 3, 2, '2022-03-19 09:55:32', 'IN', 'For approval', '100'),
(6, 2, 3, '2022-03-19 09:55:17', 'IN', 'For approval', '101'),
(7, 2, 3, '2022-03-19 09:59:16', 'OUT', 'Signed', '101'),
(9, 25, 1, '2022-10-24 02:07:12', 'COMPLETE', 'request for meeting', '104'),
(10, 64, 19, '2022-11-05 16:17:35', 'IN', 'hello world', '112'),
(11, 357, 11, '2022-11-06 01:42:16', 'COMPLETE', 'Unde non qui.', '530'),
(12, 25, 176, '2022-11-06 01:42:16', 'IN', 'Ducimus ex eveniet provident.', '124'),
(13, 103, 144, '2022-11-06 01:42:16', 'IN', 'Dolores iure dolorum.', '636'),
(14, 160, 29, '2022-11-06 01:42:16', 'OUT', 'Beatae temporibus laborum quo.', '168'),
(15, 244, 182, '2022-11-06 01:42:16', 'IN', 'Autem rerum iure rerum quod.', '535'),
(16, 388, 166, '2022-11-06 01:42:16', 'OUT', 'Sequi amet voluptatibus rem.', '973'),
(17, 287, 200, '2022-11-06 01:42:16', 'OUT', 'Architecto eveniet hic quibusdam.', '386'),
(18, 347, 200, '2022-11-06 01:42:16', 'OUT', 'Aperiam quo impedit.', '324'),
(19, 77, 134, '2022-11-06 01:42:16', 'IN', 'Veritatis voluptates veniam vitae.', '499'),
(20, 213, 248, '2022-11-06 01:42:16', 'OUT', 'Est nemo molestiae sint.', '380'),
(21, 370, 168, '2022-11-06 01:42:16', 'COMPLETE', 'Nemo officiis quos.', '96'),
(22, 87, 136, '2022-11-06 01:42:16', 'IN', 'Qui libero.', '867'),
(23, 7, 121, '2022-11-06 01:42:16', 'IN', 'Quae quam quibusdam.', '801'),
(24, 96, 256, '2022-11-06 01:42:16', 'IN', 'Possimus repudiandae accusantium soluta.', '611'),
(25, 22, 242, '2022-11-06 01:42:16', 'COMPLETE', 'Adipisci dolore quidem.', '343'),
(26, 328, 277, '2022-11-06 01:42:16', 'COMPLETE', 'Alias voluptas aliquam labore.', '150'),
(27, 50, 82, '2022-11-06 01:42:16', 'OUT', 'Architecto rerum odit.', '441'),
(28, 371, 8, '2022-11-06 01:42:16', 'IN', 'Sit quis magnam laudantium facere.', '887'),
(29, 344, 39, '2022-11-06 01:42:16', 'OUT', 'Aut omnis optio.', '427'),
(30, 198, 185, '2022-11-06 01:42:16', 'OUT', 'Omnis ea ea dolor.', '465'),
(31, 136, 275, '2022-11-06 01:42:16', 'OUT', 'Eveniet natus dolores.', '792'),
(32, 46, 14, '2022-11-06 01:42:16', 'COMPLETE', 'Aut magni culpa aut.', '252'),
(33, 241, 57, '2022-11-06 01:42:16', 'IN', 'Delectus laudantium ut.', '465'),
(34, 162, 183, '2022-11-06 01:42:16', 'COMPLETE', 'Nemo nostrum voluptas.', '769'),
(35, 386, 242, '2022-11-06 01:42:16', 'IN', 'Dolorum laborum.', '631'),
(36, 48, 168, '2022-11-06 01:42:16', 'IN', 'Est architecto pariatur.', '967'),
(37, 143, 3, '2022-11-06 01:42:16', 'COMPLETE', 'Nobis voluptas sed ut.', '643'),
(38, 8, 232, '2022-11-06 01:42:16', 'OUT', 'Est ut expedita omnis voluptatibus.', '581'),
(39, 8, 101, '2022-11-06 01:42:16', 'IN', 'Voluptas quas.', '981'),
(40, 370, 218, '2022-11-06 01:42:16', 'IN', 'Eius quo voluptatem.', '214'),
(41, 91, 116, '2022-11-06 01:42:16', 'OUT', 'Qui nisi.', '700'),
(42, 375, 270, '2022-11-06 01:42:16', 'OUT', 'Possimus ut hic.', '424'),
(43, 126, 210, '2022-11-06 01:42:16', 'IN', 'Ea sint est quis.', '672'),
(44, 195, 183, '2022-11-06 01:42:16', 'COMPLETE', 'Tempora eum quae.', '697'),
(45, 317, 260, '2022-11-06 01:42:16', 'COMPLETE', 'Expedita est sed.', '827'),
(46, 188, 113, '2022-11-06 01:42:16', 'OUT', 'Quos nostrum natus.', '784'),
(47, 40, 259, '2022-11-06 01:42:16', 'COMPLETE', 'Dolores atque tempore mollitia.', '365'),
(48, 127, 182, '2022-11-06 01:42:16', 'IN', 'Dolorem ipsam.', '693'),
(49, 81, 14, '2022-11-06 01:42:16', 'IN', 'Aut veniam.', '324'),
(50, 218, 238, '2022-11-06 01:42:16', 'IN', 'Alias qui beatae ut rerum.', '924'),
(51, 363, 241, '2022-11-06 01:42:16', 'COMPLETE', 'Similique voluptatem quidem.', '82'),
(52, 365, 20, '2022-11-06 01:42:16', 'IN', 'Est laborum suscipit.', '636'),
(53, 363, 52, '2022-11-06 01:42:16', 'OUT', 'Provident nihil officia sit unde.', '896'),
(54, 151, 270, '2022-11-06 01:42:16', 'IN', 'Error molestias.', '970'),
(55, 223, 243, '2022-11-06 01:42:16', 'IN', 'Nesciunt rerum voluptatem.', '744'),
(56, 232, 137, '2022-11-06 01:42:16', 'OUT', 'Alias libero sequi praesentium.', '246'),
(57, 368, 132, '2022-11-06 01:42:16', 'IN', 'Eius deserunt.', '250'),
(58, 301, 283, '2022-11-06 01:42:16', 'OUT', 'Ex vitae eum odit dolores.', '750'),
(59, 360, 73, '2022-11-06 01:42:16', 'COMPLETE', 'Est corrupti et.', '501'),
(60, 381, 29, '2022-11-06 01:42:16', 'COMPLETE', 'Architecto in facere facilis fuga.', '624'),
(61, 366, 14, '2022-11-06 01:42:16', 'OUT', 'Cumque odio laboriosam.', '978'),
(62, 63, 52, '2022-11-06 01:42:16', 'OUT', 'Quia tempora corporis laboriosam.', '487'),
(63, 70, 190, '2022-11-06 01:42:16', 'OUT', 'Cupiditate nihil molestiae enim.', '894'),
(64, 124, 194, '2022-11-06 01:42:16', 'COMPLETE', 'Debitis non quisquam.', '652'),
(65, 175, 278, '2022-11-06 01:42:16', 'COMPLETE', 'Quas exercitationem.', '836'),
(66, 313, 207, '2022-11-06 01:42:16', 'IN', 'Est reiciendis.', '300'),
(67, 51, 281, '2022-11-06 01:42:16', 'COMPLETE', 'Illo voluptatem dolorem necessitatibus id.', '984'),
(68, 21, 113, '2022-11-06 01:42:16', 'COMPLETE', 'Est sed aut hic.', '264'),
(69, 304, 184, '2022-11-06 01:42:16', 'IN', 'Praesentium voluptates.', '502'),
(70, 263, 224, '2022-11-06 01:42:16', 'IN', 'Facere totam pariatur beatae.', '132'),
(71, 261, 84, '2022-11-06 01:42:16', 'OUT', 'Odit laudantium distinctio in.', '822'),
(72, 21, 158, '2022-11-06 01:42:16', 'COMPLETE', 'Est nam maxime iste.', '948'),
(73, 128, 91, '2022-11-06 01:42:16', 'IN', 'Iste totam voluptas enim.', '838'),
(74, 14, 27, '2022-11-06 01:42:16', 'COMPLETE', 'Temporibus et doloremque.', '665'),
(75, 331, 187, '2022-11-06 01:42:16', 'IN', 'Culpa consequatur sint.', '806'),
(76, 210, 78, '2022-11-06 01:42:16', 'IN', 'Tenetur illo debitis.', '495'),
(77, 364, 171, '2022-11-06 01:42:16', 'COMPLETE', 'Architecto ea libero.', '970'),
(78, 48, 146, '2022-11-06 01:42:16', 'OUT', 'Soluta rem distinctio libero.', '884'),
(79, 211, 172, '2022-11-06 01:42:16', 'OUT', 'Placeat dolores totam repudiandae.', '463'),
(80, 366, 238, '2022-11-06 01:42:16', 'COMPLETE', 'Qui inventore dolorum dolorum.', '883'),
(81, 82, 258, '2022-11-06 01:42:16', 'OUT', 'Modi sit omnis.', '806'),
(82, 30, 211, '2022-11-06 01:42:16', 'IN', 'Accusantium quo sit molestiae.', '742'),
(83, 71, 165, '2022-11-06 01:42:16', 'IN', 'Nam occaecati aut rerum.', '80'),
(84, 102, 136, '2022-11-06 01:42:16', 'IN', 'Enim consequatur qui numquam.', '148'),
(85, 19, 204, '2022-11-06 01:42:16', 'OUT', 'Eos quis aut.', '851'),
(86, 324, 69, '2022-11-06 01:42:16', 'OUT', 'Excepturi nihil unde est.', '163'),
(87, 112, 83, '2022-11-06 01:42:16', 'COMPLETE', 'Tenetur soluta aliquid.', '58'),
(88, 57, 25, '2022-11-06 01:42:16', 'IN', 'Nulla quo beatae incidunt.', '676'),
(89, 223, 256, '2022-11-06 01:42:16', 'COMPLETE', 'Aut quia.', '70'),
(90, 384, 246, '2022-11-06 01:42:16', 'OUT', 'Natus minus et qui.', '119'),
(91, 35, 221, '2022-11-06 01:42:16', 'IN', 'Corporis et.', '526'),
(92, 266, 233, '2022-11-06 01:42:16', 'IN', 'Aperiam rerum deserunt alias.', '404'),
(93, 368, 102, '2022-11-06 01:42:16', 'IN', 'Incidunt ipsam nam.', '82'),
(94, 63, 54, '2022-11-06 01:42:16', 'OUT', 'Quisquam quia dolor.', '628'),
(95, 24, 199, '2022-11-06 01:42:16', 'OUT', 'Eos omnis voluptatem.', '720'),
(96, 35, 106, '2022-11-06 01:42:16', 'OUT', 'Sint a aut aliquid architecto.', '241'),
(97, 282, 232, '2022-11-06 01:42:16', 'IN', 'Et unde suscipit aut.', '433'),
(98, 120, 244, '2022-11-06 01:42:16', 'COMPLETE', 'Blanditiis assumenda et.', '675'),
(99, 310, 277, '2022-11-06 01:42:16', 'COMPLETE', 'Officiis aut et facere.', '818'),
(100, 74, 55, '2022-11-06 01:42:16', 'OUT', 'Qui et et.', '609'),
(101, 266, 118, '2022-11-06 01:42:16', 'COMPLETE', 'Minima vitae dolorum accusantium.', '61'),
(102, 338, 240, '2022-11-06 01:42:16', 'OUT', 'Dolores sint et.', '247'),
(103, 34, 212, '2022-11-06 01:42:16', 'OUT', 'Earum et.', '388'),
(104, 166, 216, '2022-11-06 01:42:16', 'IN', 'Ut laboriosam nihil illo.', '874'),
(105, 186, 249, '2022-11-06 01:42:16', 'IN', 'Debitis dignissimos incidunt.', '373'),
(106, 146, 25, '2022-11-06 01:42:16', 'COMPLETE', 'Sed sit molestias.', '597'),
(107, 233, 191, '2022-11-06 01:42:16', 'IN', 'Consequuntur sit quo.', '371'),
(108, 44, 38, '2022-11-06 01:42:16', 'OUT', 'Qui eveniet non occaecati.', '826'),
(109, 272, 80, '2022-11-06 01:42:16', 'COMPLETE', 'Molestias est sunt qui.', '773'),
(110, 219, 217, '2022-11-06 01:42:16', 'COMPLETE', 'Voluptatem cupiditate cumque.', '82'),
(111, 312, 93, '2022-11-06 01:42:16', 'IN', 'Sed facere laudantium eveniet.', '235'),
(112, 390, 68, '2022-11-06 01:42:16', 'COMPLETE', 'Aut ea itaque ea.', '143'),
(113, 186, 245, '2022-11-06 01:42:16', 'COMPLETE', 'Velit molestiae ut eos.', '355'),
(114, 98, 5, '2022-11-06 01:42:16', 'COMPLETE', 'Fugiat assumenda aut rerum.', '890'),
(115, 237, 175, '2022-11-06 01:42:16', 'OUT', 'Qui incidunt doloribus voluptatem et.', '687'),
(116, 125, 83, '2022-11-06 01:42:16', 'COMPLETE', 'Hic non omnis optio corporis.', '503'),
(117, 375, 132, '2022-11-06 01:42:16', 'OUT', 'Voluptates et explicabo.', '533'),
(118, 230, 2, '2022-11-06 01:42:16', 'COMPLETE', 'Et et sequi perspiciatis architecto.', '667'),
(119, 134, 222, '2022-11-06 01:42:16', 'OUT', 'Quo est nobis laboriosam.', '110'),
(120, 140, 96, '2022-11-06 01:42:16', 'COMPLETE', 'Laboriosam porro ipsam officiis.', '623'),
(121, 336, 2, '2022-11-06 01:42:16', 'COMPLETE', 'Molestiae animi.', '230'),
(122, 182, 168, '2022-11-06 01:42:16', 'OUT', 'Veniam explicabo nisi rerum.', '156'),
(123, 292, 164, '2022-11-06 01:42:16', 'COMPLETE', 'Possimus magni dolor omnis.', '154'),
(124, 243, 85, '2022-11-06 01:42:16', 'IN', 'Quia sunt error.', '155'),
(125, 217, 237, '2022-11-06 01:42:16', 'IN', 'Odit adipisci exercitationem qui.', '402'),
(126, 349, 184, '2022-11-06 01:42:16', 'COMPLETE', 'Qui iste est.', '305'),
(127, 95, 59, '2022-11-06 01:42:16', 'IN', 'Adipisci odit cumque rerum.', '730'),
(128, 331, 228, '2022-11-06 01:42:16', 'COMPLETE', 'Odio sint voluptatem.', '982'),
(129, 380, 64, '2022-11-06 01:42:16', 'IN', 'Omnis eius qui id.', '752'),
(130, 209, 183, '2022-11-06 01:42:16', 'OUT', 'Possimus saepe maiores ad.', '269'),
(131, 43, 91, '2022-11-06 01:42:16', 'IN', 'Exercitationem quasi ipsa.', '726'),
(132, 277, 99, '2022-11-06 01:42:16', 'IN', 'Qui ut autem.', '903'),
(133, 155, 55, '2022-11-06 01:42:16', 'IN', 'Excepturi repellat inventore.', '116'),
(134, 150, 21, '2022-11-06 01:42:16', 'OUT', 'Qui facere illo aut numquam.', '558'),
(135, 100, 215, '2022-11-06 01:42:16', 'COMPLETE', 'Qui id.', '368'),
(136, 218, 126, '2022-11-06 01:42:16', 'IN', 'Rem quis perferendis quo.', '593'),
(137, 111, 255, '2022-11-06 01:42:16', 'IN', 'Ullam tenetur in.', '74'),
(138, 7, 111, '2022-11-06 01:42:16', 'OUT', 'Aut necessitatibus laborum.', '187'),
(139, 305, 81, '2022-11-06 01:42:16', 'IN', 'Quis hic molestias.', '155'),
(140, 166, 83, '2022-11-06 01:42:16', 'OUT', 'Excepturi fugit tempora.', '20'),
(141, 13, 285, '2022-11-06 01:42:16', 'IN', 'Rerum consequuntur consectetur.', '558'),
(142, 95, 149, '2022-11-06 01:42:16', 'IN', 'Autem et possimus.', '34'),
(143, 202, 77, '2022-11-06 01:42:16', 'COMPLETE', 'Quo nisi in maxime autem.', '433'),
(144, 388, 171, '2022-11-06 01:42:16', 'COMPLETE', 'Velit voluptatem aliquam.', '205'),
(145, 289, 259, '2022-11-06 01:42:16', 'COMPLETE', 'Fugiat aut quia eius.', '47'),
(146, 140, 91, '2022-11-06 01:42:16', 'IN', 'Omnis magni incidunt.', '822'),
(147, 372, 0, '2022-11-06 01:42:16', 'COMPLETE', 'Voluptate ad exercitationem.', '448'),
(148, 135, 136, '2022-11-06 01:42:16', 'COMPLETE', 'Praesentium voluptatem doloremque.', '309'),
(149, 223, 261, '2022-11-06 01:42:16', 'OUT', 'Beatae qui quisquam porro.', '596'),
(150, 313, 166, '2022-11-06 01:42:16', 'OUT', 'Non ipsa minus.', '449'),
(151, 338, 251, '2022-11-06 01:42:16', 'OUT', 'Ea saepe nam recusandae.', '820'),
(152, 24, 131, '2022-11-06 01:42:16', 'OUT', 'Iste maiores ea.', '359'),
(153, 55, 229, '2022-11-06 01:42:16', 'COMPLETE', 'Voluptatibus dolorum quos dicta.', '673'),
(154, 373, 231, '2022-11-06 01:42:16', 'OUT', 'Voluptas quidem voluptate officia.', '49'),
(155, 39, 255, '2022-11-06 01:42:16', 'IN', 'Quia facere repellendus quia.', '235'),
(156, 301, 136, '2022-11-06 01:42:16', 'OUT', 'Sapiente dolorum inventore.', '676'),
(157, 342, 105, '2022-11-06 01:42:16', 'COMPLETE', 'Enim molestias explicabo vitae.', '871'),
(158, 100, 114, '2022-11-06 01:42:16', 'OUT', 'Et praesentium iusto.', '710'),
(159, 385, 120, '2022-11-06 01:42:16', 'COMPLETE', 'Nesciunt qui aperiam.', '637'),
(160, 184, 168, '2022-11-06 01:42:16', 'COMPLETE', 'Saepe quas ea culpa.', '0'),
(161, 80, 139, '2022-11-06 01:42:16', 'OUT', 'Eveniet quia consectetur consequatur.', '657'),
(162, 68, 103, '2022-11-06 01:42:16', 'OUT', 'Tenetur qui quasi maiores at.', '75'),
(163, 361, 48, '2022-11-06 01:42:16', 'OUT', 'Ipsum explicabo ut.', '155'),
(164, 26, 259, '2022-11-06 01:42:16', 'IN', 'Quod hic aliquam quia.', '842'),
(165, 72, 276, '2022-11-06 01:42:16', 'IN', 'Voluptatum nihil rem veritatis.', '604'),
(166, 90, 98, '2022-11-06 01:42:16', 'COMPLETE', 'Qui numquam modi.', '119'),
(167, 121, 54, '2022-11-06 01:42:16', 'OUT', 'Quod facilis dolorum delectus.', '189'),
(168, 297, 153, '2022-11-06 01:42:16', 'IN', 'Mollitia sint iure voluptas.', '948'),
(169, 158, 44, '2022-11-06 01:42:16', 'OUT', 'Distinctio aut adipisci.', '533'),
(170, 64, 198, '2022-11-06 01:42:16', 'IN', 'Voluptate pariatur a.', '200'),
(171, 83, 105, '2022-11-06 01:42:16', 'COMPLETE', 'Recusandae aut ratione tempora.', '850'),
(172, 72, 33, '2022-11-06 01:42:16', 'OUT', 'Maiores enim voluptatem aliquid.', '36'),
(173, 170, 196, '2022-11-06 01:42:16', 'IN', 'Maiores nemo quia.', '359'),
(174, 185, 250, '2022-11-06 01:42:16', 'COMPLETE', 'Sit saepe aut.', '907'),
(175, 146, 280, '2022-11-06 01:42:16', 'COMPLETE', 'Quo qui enim.', '777'),
(176, 360, 205, '2022-11-06 01:42:16', 'IN', 'Facilis qui similique quisquam.', '853'),
(177, 60, 123, '2022-11-06 01:42:16', 'OUT', 'Ut rerum voluptatem et.', '575'),
(178, 222, 109, '2022-11-06 01:42:16', 'OUT', 'Assumenda molestias.', '476'),
(179, 33, 30, '2022-11-06 01:42:16', 'COMPLETE', 'Maiores odio eos laudantium.', '542'),
(180, 119, 199, '2022-11-06 01:42:16', 'OUT', 'Amet nostrum et architecto.', '256'),
(181, 216, 272, '2022-11-06 01:42:16', 'OUT', 'Voluptas iste placeat.', '922'),
(182, 141, 102, '2022-11-06 01:42:16', 'OUT', 'Nisi similique sed.', '739'),
(183, 368, 8, '2022-11-06 01:42:16', 'OUT', 'Ea consequatur non tenetur maiores.', '136'),
(184, 179, 233, '2022-11-06 01:42:16', 'OUT', 'Blanditiis eos dolor qui.', '956'),
(185, 32, 158, '2022-11-06 01:42:16', 'IN', 'Ullam rerum illum quis.', '915'),
(186, 356, 215, '2022-11-06 01:42:16', 'OUT', 'Eum ullam non.', '306'),
(187, 144, 28, '2022-11-06 01:42:16', 'OUT', 'Cum at nihil culpa.', '16'),
(188, 265, 30, '2022-11-06 01:42:16', 'IN', 'Sequi consectetur architecto.', '708'),
(189, 5, 90, '2022-11-06 01:42:16', 'COMPLETE', 'Doloremque ad veritatis vero et.', '611'),
(190, 282, 176, '2022-11-06 01:42:16', 'COMPLETE', 'Ducimus vel ut sunt.', '66'),
(191, 154, 213, '2022-11-06 01:42:16', 'COMPLETE', 'Aperiam porro et.', '648'),
(192, 327, 167, '2022-11-06 01:42:16', 'COMPLETE', 'Accusamus quasi eveniet.', '274'),
(193, 2, 137, '2022-11-06 01:42:16', 'COMPLETE', 'Tempore odit et aliquid.', '713'),
(194, 6, 86, '2022-11-06 01:42:16', 'OUT', 'Officiis occaecati similique.', '773'),
(195, 282, 54, '2022-11-06 01:42:16', 'OUT', 'Quo magni dolorem quis.', '380'),
(196, 53, 46, '2022-11-06 01:42:16', 'IN', 'Necessitatibus eveniet ut aut.', '183'),
(197, 347, 253, '2022-11-06 01:42:16', 'IN', 'Nemo quod.', '354'),
(198, 38, 255, '2022-11-06 01:42:16', 'OUT', 'Quas laboriosam perspiciatis reprehenderit.', '162'),
(199, 133, 92, '2022-11-06 01:42:16', 'OUT', 'Et consequuntur adipisci.', '238'),
(200, 187, 162, '2022-11-06 01:42:16', 'IN', 'Voluptatem dolor.', '30'),
(201, 30, 244, '2022-11-06 01:42:16', 'IN', 'Praesentium soluta.', '349'),
(202, 359, 162, '2022-11-06 01:42:16', 'OUT', 'Quam omnis dolor ipsa.', '302'),
(203, 174, 251, '2022-11-06 01:42:16', 'IN', 'Qui possimus consequatur.', '236'),
(204, 95, 266, '2022-11-06 01:42:16', 'IN', 'Dolorem quam et impedit labore.', '439'),
(205, 160, 27, '2022-11-06 01:42:16', 'IN', 'Sapiente adipisci est architecto.', '536'),
(206, 84, 32, '2022-11-06 01:42:16', 'IN', 'Voluptas molestias dolor eos.', '633'),
(207, 335, 70, '2022-11-06 01:42:16', 'COMPLETE', 'Nisi molestias animi officiis.', '102'),
(208, 266, 146, '2022-11-06 01:42:16', 'OUT', 'Soluta accusamus id eligendi neque.', '749'),
(209, 175, 147, '2022-11-06 01:42:16', 'COMPLETE', 'Eveniet sed ut dolor.', '758'),
(210, 118, 204, '2022-11-06 01:42:16', 'COMPLETE', 'Quia sequi eveniet.', '361'),
(211, 129, 151, '2022-11-06 01:42:16', 'COMPLETE', 'Et possimus sapiente consequatur.', '400');
COMMIT;

/*!40101 SET CHARACTER_SET_CLIENT=@OLD_CHARACTER_SET_CLIENT */;
/*!40101 SET CHARACTER_SET_RESULTS=@OLD_CHARACTER_SET_RESULTS */;
/*!40101 SET COLLATION_CONNECTION=@OLD_COLLATION_CONNECTION */;
